rank,api_provider,model,context_window,license,artificial_analysis_intelligence_index,blended_usd_per_1m_tokens,median_tokens_per_s,median_first_chunk_s,total_response_s,reasoning_time_s,model_url,providers_url
1,Google (AI Studio),Gemini 3.1 Pro Preview (AI Studio),1m,Proprietary,57,$4.50,113,33.95,38.36,N/A,https://artificialanalysis.ai/models/gemini-3-1-pro-preview,https://artificialanalysis.ai/models/gemini-3-1-pro-preview/providers
2,Google (Vertex),Gemini 3.1 Pro Preview (Vertex),1m,Proprietary,57,$4.50,106,46.50,51.21,N/A,https://artificialanalysis.ai/models/gemini-3-1-pro-preview,https://artificialanalysis.ai/models/gemini-3-1-pro-preview/providers
3,OpenAI,GPT-5.4 (xhigh),1m,Proprietary,57,$5.63,73,207.42,214.24,N/A,https://artificialanalysis.ai/models/gpt-5-4,https://artificialanalysis.ai/models/gpt-5-4/providers
4,Microsoft Azure,GPT-5.4 (xhigh),1m,Proprietary,57,$5.63,70,171.73,178.91,N/A,https://artificialanalysis.ai/models/gpt-5-4,https://artificialanalysis.ai/models/gpt-5-4/providers
5,OpenAI,GPT-5.3 Codex (xhigh),400k,Proprietary,54,$4.81,78,117.85,124.28,N/A,https://artificialanalysis.ai/models/gpt-5-3-codex,https://artificialanalysis.ai/models/gpt-5-3-codex/providers
6,Anthropic,Claude Opus 4.6 (max),1m,Proprietary,53,$10.00,48,22.02,32.38,N/A,https://artificialanalysis.ai/models/claude-opus-4-6-adaptive,https://artificialanalysis.ai/models/claude-opus-4-6-adaptive/providers
7,Microsoft Azure,Claude Opus 4.6 (max),1m,Proprietary,53,$10.00,46,22.00,32.87,N/A,https://artificialanalysis.ai/models/claude-opus-4-6-adaptive,https://artificialanalysis.ai/models/claude-opus-4-6-adaptive/providers
8,Google,Claude Opus 4.6 (max),1m,Proprietary,53,$10.00,51,1.35,11.21,N/A,https://artificialanalysis.ai/models/claude-opus-4-6-adaptive,https://artificialanalysis.ai/models/claude-opus-4-6-adaptive/providers
9,Amazon Bedrock,Claude Opus 4.6 (max),1m,Proprietary,53,$10.00,50,2.23,12.18,N/A,https://artificialanalysis.ai/models/claude-opus-4-6-adaptive,https://artificialanalysis.ai/models/claude-opus-4-6-adaptive/providers
10,Microsoft Azure,Claude Sonnet 4.6 (max),200k,Proprietary,52,$6.00,68,96.37,103.75,N/A,https://artificialanalysis.ai/models/claude-sonnet-4-6-adaptive,https://artificialanalysis.ai/models/claude-sonnet-4-6-adaptive/providers
11,Amazon Bedrock,Claude Sonnet 4.6 (max),200k,Proprietary,52,$6.00,67,129.07,136.50,N/A,https://artificialanalysis.ai/models/claude-sonnet-4-6-adaptive,https://artificialanalysis.ai/models/claude-sonnet-4-6-adaptive/providers
12,Anthropic,Claude Sonnet 4.6 (max),1m,Proprietary,52,$6.00,69,128.63,135.85,N/A,https://artificialanalysis.ai/models/claude-sonnet-4-6-adaptive,https://artificialanalysis.ai/models/claude-sonnet-4-6-adaptive/providers
13,Google,Claude Sonnet 4.6 (max),200k,Proprietary,52,$6.00,70,125.69,132.83,N/A,https://artificialanalysis.ai/models/claude-sonnet-4-6-adaptive,https://artificialanalysis.ai/models/claude-sonnet-4-6-adaptive/providers
14,Novita FP8,GLM-5 FP8,203k,Open,50,$1.55,44,2.34,83.37,69.79,https://artificialanalysis.ai/models/glm-5,https://artificialanalysis.ai/models/glm-5/providers
15,Eigen AI,GLM-5,200k,Open,50,$1.55,207,1.70,19.15,15.02,https://artificialanalysis.ai/models/glm-5,https://artificialanalysis.ai/models/glm-5/providers
16,Nebius (FP4),GLM-5 (FP4),200k,Open,50,$1.55,59,1.68,62.76,52.60,https://artificialanalysis.ai/models/glm-5,https://artificialanalysis.ai/models/glm-5/providers
17,FriendliAI,GLM-5,203k,Open,50,$1.55,102,0.95,36.37,30.51,https://artificialanalysis.ai/models/glm-5,https://artificialanalysis.ai/models/glm-5/providers
18,SiliconFlow (FP8),GLM-5 (FP8),200k,Open,50,$1.55,40,5.99,96.69,78.12,https://artificialanalysis.ai/models/glm-5,https://artificialanalysis.ai/models/glm-5/providers
19,DeepInfra FP8,GLM-5 FP8,203k,Open,50,$1.24,49,1.07,74.83,63.53,https://artificialanalysis.ai/models/glm-5,https://artificialanalysis.ai/models/glm-5/providers
20,GMI FP8,GLM-5 FP8,203k,Open,50,$1.55,112,2.55,34.75,27.73,https://artificialanalysis.ai/models/glm-5,https://artificialanalysis.ai/models/glm-5/providers
21,Fireworks,GLM-5,203k,Open,50,$1.55,214,0.72,17.56,14.51,https://artificialanalysis.ai/models/glm-5,https://artificialanalysis.ai/models/glm-5/providers
22,Parasail (FP8),GLM-5 (FP8),203k,Open,50,$1.55,27,2.27,136.91,115.96,https://artificialanalysis.ai/models/glm-5,https://artificialanalysis.ai/models/glm-5/providers
23,Weights & Biases (FP8),GLM-5 (FP8),200k,Open,50,$1.55,30,1.66,121.07,102.84,https://artificialanalysis.ai/models/glm-5,https://artificialanalysis.ai/models/glm-5/providers
24,Google,GLM-5,200k,Open,50,$1.55,72,1.43,51.35,43.00,https://artificialanalysis.ai/models/glm-5,https://artificialanalysis.ai/models/glm-5/providers
25,Together.ai (FP4),GLM-5 (FP4),203k,Open,50,$1.55,73,1.22,50.76,42.67,https://artificialanalysis.ai/models/glm-5,https://artificialanalysis.ai/models/glm-5/providers
26,Novita (FP8),MiniMax-M2.7 (FP8),205k,Proprietary,50,$0.53,47,2.67,65.87,52.54,https://artificialanalysis.ai/models/minimax-m2-7,https://artificialanalysis.ai/models/minimax-m2-7/providers
27,MiniMax,MiniMax-M2.7,205k,Proprietary,50,$0.53,49,2.28,62.65,50.18,https://artificialanalysis.ai/models/minimax-m2-7,https://artificialanalysis.ai/models/minimax-m2-7/providers
28,Xiaomi,MiMo-V2-Pro,131k,Proprietary,49,$1.50,95,2.39,38.51,30.84,https://artificialanalysis.ai/models/mimo-v2-pro,https://artificialanalysis.ai/models/mimo-v2-pro/providers
29,xAI,Grok 4.20 Beta 0309,2m,Proprietary,48,$3.00,249,11.35,13.36,N/A,https://artificialanalysis.ai/models/grok-4-20,https://artificialanalysis.ai/models/grok-4-20/providers
30,Microsoft Azure,GPT-5.4 mini (xhigh),400k,Proprietary,48,$1.69,249,113.16,115.17,N/A,https://artificialanalysis.ai/models/gpt-5-4-mini,https://artificialanalysis.ai/models/gpt-5-4-mini/providers
31,OpenAI,GPT-5.4 mini (xhigh),400k,Proprietary,48,$1.69,229,8.29,10.47,N/A,https://artificialanalysis.ai/models/gpt-5-4-mini,https://artificialanalysis.ai/models/gpt-5-4-mini/providers
32,DeepInfra Turbo,Kimi K2.5 Turbo,262k,Open,47,$1.20,344,1.01,8.28,5.82,https://artificialanalysis.ai/models/kimi-k2-5,https://artificialanalysis.ai/models/kimi-k2-5/providers
33,FriendliAI,Kimi K2.5,256k,Open,47,$1.20,338,0.56,7.95,5.91,https://artificialanalysis.ai/models/kimi-k2-5,https://artificialanalysis.ai/models/kimi-k2-5/providers
34,Clarifai,Kimi K2.5,256k,Open,47,$1.07,395,0.74,7.08,5.07,https://artificialanalysis.ai/models/kimi-k2-5,https://artificialanalysis.ai/models/kimi-k2-5/providers
35,Nebius Fast,Kimi K2.5 Fast,256k,Open,47,$1.00,394,1.71,8.04,5.07,https://artificialanalysis.ai/models/kimi-k2-5,https://artificialanalysis.ai/models/kimi-k2-5/providers
36,Eigen AI,Kimi K2.5,256k,Open,47,$1.20,451,1.34,6.88,4.43,https://artificialanalysis.ai/models/kimi-k2-5,https://artificialanalysis.ai/models/kimi-k2-5/providers
37,Amazon Bedrock,Kimi K2.5,256k,Open,47,$1.20,109,0.93,23.86,18.34,https://artificialanalysis.ai/models/kimi-k2-5,https://artificialanalysis.ai/models/kimi-k2-5/providers
38,Together.ai,Kimi K2.5,262k,Open,47,$1.07,450,1.27,6.82,4.44,https://artificialanalysis.ai/models/kimi-k2-5,https://artificialanalysis.ai/models/kimi-k2-5/providers
39,Fireworks,Kimi K2.5,262k,Open,47,$1.07,428,0.61,6.45,4.67,https://artificialanalysis.ai/models/kimi-k2-5,https://artificialanalysis.ai/models/kimi-k2-5/providers
40,Novita,Kimi K2.5,262k,Open,47,$1.20,69,1.96,38.09,28.90,https://artificialanalysis.ai/models/kimi-k2-5,https://artificialanalysis.ai/models/kimi-k2-5/providers
41,Kimi,Kimi K2.5,256k,Open,47,$1.20,46,2.85,56.82,43.17,https://artificialanalysis.ai/models/kimi-k2-5,https://artificialanalysis.ai/models/kimi-k2-5/providers
42,DeepInfra,Kimi K2.5,262k,Open,47,$0.90,42,1.11,60.53,47.54,https://artificialanalysis.ai/models/kimi-k2-5,https://artificialanalysis.ai/models/kimi-k2-5/providers
43,Parasail,Kimi K2.5,256k,Open,47,$1.00,43,1.12,59.77,46.92,https://artificialanalysis.ai/models/kimi-k2-5,https://artificialanalysis.ai/models/kimi-k2-5/providers
44,SiliconFlow,Kimi K2.5,262k,Open,47,$1.16,31,1.90,81.30,63.52,https://artificialanalysis.ai/models/kimi-k2-5,https://artificialanalysis.ai/models/kimi-k2-5/providers
45,Weights & Biases,Kimi K2.5,262k,Open,47,$1.09,115,0.91,22.57,17.33,https://artificialanalysis.ai/models/kimi-k2-5,https://artificialanalysis.ai/models/kimi-k2-5/providers
46,Baseten,Kimi K2.5,231k,Open,47,$1.20,407,0.36,6.51,4.92,https://artificialanalysis.ai/models/kimi-k2-5,https://artificialanalysis.ai/models/kimi-k2-5/providers
47,Nebius,Kimi K2.5,256k,Open,47,$1.00,263,1.75,11.25,7.60,https://artificialanalysis.ai/models/kimi-k2-5,https://artificialanalysis.ai/models/kimi-k2-5/providers
48,Microsoft Azure,Claude Opus 4.6,1m,Proprietary,46,$10.00,46,2.55,13.34,N/A,https://artificialanalysis.ai/models/claude-opus-4-6,https://artificialanalysis.ai/models/claude-opus-4-6/providers
49,Amazon Bedrock,Claude Opus 4.6,1m,Proprietary,46,$10.00,47,2.13,12.76,N/A,https://artificialanalysis.ai/models/claude-opus-4-6,https://artificialanalysis.ai/models/claude-opus-4-6/providers
50,Anthropic,Claude Opus 4.6,1m,Proprietary,46,$10.00,47,2.12,12.79,N/A,https://artificialanalysis.ai/models/claude-opus-4-6,https://artificialanalysis.ai/models/claude-opus-4-6/providers
51,Google,Claude Opus 4.6,1m,Proprietary,46,$10.00,44,1.24,12.55,N/A,https://artificialanalysis.ai/models/claude-opus-4-6,https://artificialanalysis.ai/models/claude-opus-4-6/providers
52,Google (AI Studio),Gemini 3 Flash (AI Studio),1m,Proprietary,46,$1.13,156,7.94,11.14,N/A,https://artificialanalysis.ai/models/gemini-3-flash-reasoning,https://artificialanalysis.ai/models/gemini-3-flash-reasoning/providers
53,Alibaba Cloud,Qwen3.5 397B A17B,262k,Open,45,$1.35,96,2.61,40.92,33.11,https://artificialanalysis.ai/models/qwen3-5-397b-a17b,https://artificialanalysis.ai/models/qwen3-5-397b-a17b/providers
54,"Nebius (Base, FP4)","Qwen3.5 397B A17B (Base, FP4)",262k,Open,45,$1.35,79,1.85,48.64,40.44,https://artificialanalysis.ai/models/qwen3-5-397b-a17b,https://artificialanalysis.ai/models/qwen3-5-397b-a17b/providers
55,Clarifai,Qwen3.5 397B A17B,256k,Open,45,$1.35,280,0.77,13.91,11.36,https://artificialanalysis.ai/models/qwen3-5-397b-a17b,https://artificialanalysis.ai/models/qwen3-5-397b-a17b/providers
56,Novita,Qwen3.5 397B A17B,262k,Open,45,$1.35,90,1.68,42.57,35.35,https://artificialanalysis.ai/models/qwen3-5-397b-a17b,https://artificialanalysis.ai/models/qwen3-5-397b-a17b/providers
57,Eigen AI,Qwen3.5 397B A17B,262k,Open,45,$1.35,147,1.80,26.82,21.63,https://artificialanalysis.ai/models/qwen3-5-397b-a17b,https://artificialanalysis.ai/models/qwen3-5-397b-a17b/providers
58,Together.ai,Qwen3.5 397B A17B,262k,Open,45,$1.35,97,56.32,94.38,32.90,https://artificialanalysis.ai/models/qwen3-5-397b-a17b,https://artificialanalysis.ai/models/qwen3-5-397b-a17b/providers
59,Parasail,Qwen3.5 397B A17B,262k,Open,45,$1.35,56,0.99,66.88,56.95,https://artificialanalysis.ai/models/qwen3-5-397b-a17b,https://artificialanalysis.ai/models/qwen3-5-397b-a17b/providers
60,OpenAI,GPT-5.4 nano (xhigh),400k,Proprietary,44,$0.46,163,7.44,10.52,N/A,https://artificialanalysis.ai/models/gpt-5-4-nano,https://artificialanalysis.ai/models/gpt-5-4-nano/providers
61,Google,Claude Sonnet 4.6,200k,Proprietary,44,$6.00,48,0.98,11.35,N/A,https://artificialanalysis.ai/models/claude-sonnet-4-6,https://artificialanalysis.ai/models/claude-sonnet-4-6/providers
62,Amazon Bedrock,Claude Sonnet 4.6,200k,Proprietary,44,$6.00,49,1.66,11.79,N/A,https://artificialanalysis.ai/models/claude-sonnet-4-6,https://artificialanalysis.ai/models/claude-sonnet-4-6/providers
63,Anthropic,Claude Sonnet 4.6,1m,Proprietary,44,$6.00,48,1.57,12.04,N/A,https://artificialanalysis.ai/models/claude-sonnet-4-6,https://artificialanalysis.ai/models/claude-sonnet-4-6/providers
64,Microsoft Azure,Claude Sonnet 4.6,200k,Proprietary,44,$6.00,47,1.75,12.35,N/A,https://artificialanalysis.ai/models/claude-sonnet-4-6,https://artificialanalysis.ai/models/claude-sonnet-4-6/providers
65,Anthropic,"Claude Sonnet 4.6 (Non-reasoning, Low Effort)",1m,Proprietary,43,$6.00,47,1.47,12.01,N/A,https://artificialanalysis.ai/models/claude-sonnet-4-6-non-reasoning-low-effort,https://artificialanalysis.ai/models/claude-sonnet-4-6-non-reasoning-low-effort/providers
66,Alibaba Cloud,Qwen3.5 27B,262k,Open,42,$0.82,83,5.62,35.60,23.98,https://artificialanalysis.ai/models/qwen3-5-27b,https://artificialanalysis.ai/models/qwen3-5-27b/providers
67,Novita,Qwen3.5 27B,262k,Open,42,$0.82,63,5.08,44.88,31.84,https://artificialanalysis.ai/models/qwen3-5-27b,https://artificialanalysis.ai/models/qwen3-5-27b/providers
68,Amazon Bedrock,DeepSeek V3.2,128k,Open,42,$0.93,65,1.34,39.94,30.88,https://artificialanalysis.ai/models/deepseek-v3-2-reasoning,https://artificialanalysis.ai/models/deepseek-v3-2-reasoning/providers
69,SiliconFlow (FP8),DeepSeek V3.2 (FP8),164k,Open,42,$0.31,40,4.93,67.99,50.45,https://artificialanalysis.ai/models/deepseek-v3-2-reasoning,https://artificialanalysis.ai/models/deepseek-v3-2-reasoning/providers
70,DeepSeek,DeepSeek V3.2,128k,Open,42,$0.32,33,1.77,76.81,60.03,https://artificialanalysis.ai/models/deepseek-v3-2-reasoning,https://artificialanalysis.ai/models/deepseek-v3-2-reasoning/providers
71,Google Vertex,DeepSeek V3.2 Vertex,164k,Open,42,$0.84,222,0.79,12.07,9.02,https://artificialanalysis.ai/models/deepseek-v3-2-reasoning,https://artificialanalysis.ai/models/deepseek-v3-2-reasoning/providers
72,Novita,DeepSeek V3.2,164k,Open,42,$0.30,34,1.47,75.90,59.54,https://artificialanalysis.ai/models/deepseek-v3-2-reasoning,https://artificialanalysis.ai/models/deepseek-v3-2-reasoning/providers
73,Parasail (FP8),DeepSeek V3.2 (FP8),164k,Open,42,$0.32,16,1.89,159.71,126.25,https://artificialanalysis.ai/models/deepseek-v3-2-reasoning,https://artificialanalysis.ai/models/deepseek-v3-2-reasoning/providers
74,Eigen AI,DeepSeek V3.2,131k,Open,42,$0.91,147,1.84,18.87,13.62,https://artificialanalysis.ai/models/deepseek-v3-2-reasoning,https://artificialanalysis.ai/models/deepseek-v3-2-reasoning/providers
75,Nebius,DeepSeek V3.2,164k,Open,42,$0.34,72,2.16,36.74,27.66,https://artificialanalysis.ai/models/deepseek-v3-2-reasoning,https://artificialanalysis.ai/models/deepseek-v3-2-reasoning/providers
76,Nebius Fast,DeepSeek V3.2 Fast,164k,Open,42,$0.80,147,2.20,19.17,13.58,https://artificialanalysis.ai/models/deepseek-v3-2-reasoning,https://artificialanalysis.ai/models/deepseek-v3-2-reasoning/providers
77,Novita,Qwen3.5 122B A10B,262k,Open,42,$1.10,118,1.70,22.88,16.95,https://artificialanalysis.ai/models/qwen3-5-122b-a10b,https://artificialanalysis.ai/models/qwen3-5-122b-a10b/providers
78,Alibaba Cloud,Qwen3.5 122B A10B,262k,Open,42,$1.10,125,2.36,22.33,15.98,https://artificialanalysis.ai/models/qwen3-5-122b-a10b,https://artificialanalysis.ai/models/qwen3-5-122b-a10b/providers
79,Xiaomi,MiMo-V2-Flash (Feb 2026),256k,Open,41,$0.15,137,2.18,20.49,14.65,https://artificialanalysis.ai/models/mimo-v2-0206,https://artificialanalysis.ai/models/mimo-v2-0206/providers
80,Google (Vertex),Gemini 3 Pro Preview (low) (Vertex),1m,Proprietary,41,$4.50,131,3.76,7.56,N/A,https://artificialanalysis.ai/models/gemini-3-pro-low,https://artificialanalysis.ai/models/gemini-3-pro-low/providers
81,Google (AI Studio),Gemini 3 Pro Preview (low) (AI Studio),1m,Proprietary,41,$4.50,119,12.27,16.48,N/A,https://artificialanalysis.ai/models/gemini-3-pro-low,https://artificialanalysis.ai/models/gemini-3-pro-low/providers
82,Fireworks,GLM-5,203k,Open,41,$1.55,206,0.74,3.17,N/A,https://artificialanalysis.ai/models/glm-5-non-reasoning,https://artificialanalysis.ai/models/glm-5-non-reasoning/providers
83,Nebius (FP4),GLM-5 (FP4),200k,Open,41,$1.55,57,2.22,10.98,N/A,https://artificialanalysis.ai/models/glm-5-non-reasoning,https://artificialanalysis.ai/models/glm-5-non-reasoning/providers
84,Eigen AI,GLM-5,200k,Open,41,$1.55,211,1.71,4.08,N/A,https://artificialanalysis.ai/models/glm-5-non-reasoning,https://artificialanalysis.ai/models/glm-5-non-reasoning/providers
85,DeepInfra (FP8),GLM-5 (FP8),203k,Open,41,$1.24,57,0.97,9.77,N/A,https://artificialanalysis.ai/models/glm-5-non-reasoning,https://artificialanalysis.ai/models/glm-5-non-reasoning/providers
86,SiliconFlow (FP8),GLM-5 (FP8),205k,Open,41,$1.55,40,6.12,18.67,N/A,https://artificialanalysis.ai/models/glm-5-non-reasoning,https://artificialanalysis.ai/models/glm-5-non-reasoning/providers
87,Novita (FP8),GLM-5 (FP8),203k,Open,41,$1.55,44,1.88,13.36,N/A,https://artificialanalysis.ai/models/glm-5-non-reasoning,https://artificialanalysis.ai/models/glm-5-non-reasoning/providers
88,Eigen AI,Qwen3.5 397B A17B,262k,Open,40,$1.35,153,1.72,4.98,N/A,https://artificialanalysis.ai/models/qwen3-5-397b-a17b-non-reasoning,https://artificialanalysis.ai/models/qwen3-5-397b-a17b-non-reasoning/providers
89,Alibaba Cloud,Qwen3.5 397B A17B,262k,Open,40,$1.35,89,2.49,8.11,N/A,https://artificialanalysis.ai/models/qwen3-5-397b-a17b-non-reasoning,https://artificialanalysis.ai/models/qwen3-5-397b-a17b-non-reasoning/providers
90,Nebius Fast,Qwen3.5 397B A17B Fast,262k,Open,40,$1.35,144,2.19,5.66,N/A,https://artificialanalysis.ai/models/qwen3-5-397b-a17b-non-reasoning,https://artificialanalysis.ai/models/qwen3-5-397b-a17b-non-reasoning/providers
91,"Nebius (Base, FP4)","Qwen3.5 397B A17B (Base, FP4)",262k,Open,40,$1.35,79,1.96,8.29,N/A,https://artificialanalysis.ai/models/qwen3-5-397b-a17b-non-reasoning,https://artificialanalysis.ai/models/qwen3-5-397b-a17b-non-reasoning/providers
92,Novita,Qwen3.5 397B A17B,262k,Open,40,$1.35,94,1.68,7.02,N/A,https://artificialanalysis.ai/models/qwen3-5-397b-a17b-non-reasoning,https://artificialanalysis.ai/models/qwen3-5-397b-a17b-non-reasoning/providers
93,Alibaba Cloud,Qwen3 Max Thinking,256k,Proprietary,40,$2.40,37,3.84,72.29,54.76,https://artificialanalysis.ai/models/qwen3-max-thinking,https://artificialanalysis.ai/models/qwen3-max-thinking/providers
94,Microsoft Azure,o3,200k,Proprietary,38,$3.50,78,41.40,47.84,N/A,https://artificialanalysis.ai/models/o3,https://artificialanalysis.ai/models/o3/providers
95,OpenAI,o3,200k,Proprietary,38,$3.50,90,9.83,15.41,N/A,https://artificialanalysis.ai/models/o3,https://artificialanalysis.ai/models/o3/providers
96,OpenAI,GPT-5.4 nano,400k,Proprietary,38,$0.46,156,7.12,10.33,N/A,https://artificialanalysis.ai/models/gpt-5-4-nano-medium,https://artificialanalysis.ai/models/gpt-5-4-nano-medium/providers
97,StepFun,Step 3.5 Flash,256k,Open,38,$0.15,97,3.53,29.41,20.70,https://artificialanalysis.ai/models/step-3-5-flash,https://artificialanalysis.ai/models/step-3-5-flash/providers
98,SiliconFlow (FP8),Step 3.5 Flash (FP8),262k,Open,38,$0.15,100,2.18,27.09,19.93,https://artificialanalysis.ai/models/step-3-5-flash,https://artificialanalysis.ai/models/step-3-5-flash/providers
99,OpenAI,GPT-5.4 mini (medium),400k,Proprietary,38,$1.69,207,8.76,11.18,N/A,https://artificialanalysis.ai/models/gpt-5-4-mini-medium,https://artificialanalysis.ai/models/gpt-5-4-mini-medium/providers
100,Microsoft Azure,GPT-5.4 mini (medium),400k,Proprietary,38,$1.69,217,9.12,11.42,N/A,https://artificialanalysis.ai/models/gpt-5-4-mini-medium,https://artificialanalysis.ai/models/gpt-5-4-mini-medium/providers
101,Eigen AI,Kimi K2.5,256k,Open,37,$1.20,397,1.40,2.66,N/A,https://artificialanalysis.ai/models/kimi-k2-5-non-reasoning,https://artificialanalysis.ai/models/kimi-k2-5-non-reasoning/providers
102,Nebius,Kimi K2.5,256k,Open,37,$1.00,234,1.72,3.86,N/A,https://artificialanalysis.ai/models/kimi-k2-5-non-reasoning,https://artificialanalysis.ai/models/kimi-k2-5-non-reasoning/providers
103,FriendliAI,Kimi K2.5,256k,Open,37,$1.20,313,0.52,2.12,N/A,https://artificialanalysis.ai/models/kimi-k2-5-non-reasoning,https://artificialanalysis.ai/models/kimi-k2-5-non-reasoning/providers
104,Kimi,Kimi K2.5,256k,Open,37,$1.20,46,3.16,14.08,N/A,https://artificialanalysis.ai/models/kimi-k2-5-non-reasoning,https://artificialanalysis.ai/models/kimi-k2-5-non-reasoning/providers
105,GMI,Kimi K2.5,262k,Open,37,$1.20,52,5.42,14.99,N/A,https://artificialanalysis.ai/models/kimi-k2-5-non-reasoning,https://artificialanalysis.ai/models/kimi-k2-5-non-reasoning/providers
106,Together.ai,Kimi K2.5,262k,Open,37,$1.07,366,1.36,2.73,N/A,https://artificialanalysis.ai/models/kimi-k2-5-non-reasoning,https://artificialanalysis.ai/models/kimi-k2-5-non-reasoning/providers
107,Fireworks,Kimi K2.5,262k,Open,37,$1.20,371,0.60,1.95,N/A,https://artificialanalysis.ai/models/kimi-k2-5-non-reasoning,https://artificialanalysis.ai/models/kimi-k2-5-non-reasoning/providers
108,Novita,Kimi K2.5,262k,Open,37,$1.20,80,15.06,21.29,N/A,https://artificialanalysis.ai/models/kimi-k2-5-non-reasoning,https://artificialanalysis.ai/models/kimi-k2-5-non-reasoning/providers
109,Baseten,Kimi K2.5,262k,Open,37,$1.20,367,0.36,1.72,N/A,https://artificialanalysis.ai/models/kimi-k2-5-non-reasoning,https://artificialanalysis.ai/models/kimi-k2-5-non-reasoning/providers
110,Alibaba Cloud,Qwen3.5 27B,262k,Open,37,$0.82,85,5.65,11.51,N/A,https://artificialanalysis.ai/models/qwen3-5-27b-non-reasoning,https://artificialanalysis.ai/models/qwen3-5-27b-non-reasoning/providers
111,Alibaba Cloud,Qwen3.5 35B A3B,262k,Open,37,$0.69,172,2.16,16.70,11.63,https://artificialanalysis.ai/models/qwen3-5-35b-a3b,https://artificialanalysis.ai/models/qwen3-5-35b-a3b/providers
112,Novita,Qwen3.5 35B A3B,262k,Open,37,$0.69,183,1.77,15.44,10.94,https://artificialanalysis.ai/models/qwen3-5-35b-a3b,https://artificialanalysis.ai/models/qwen3-5-35b-a3b/providers
113,Amazon Bedrock,Claude 4.5 Haiku,200k,Proprietary,37,$2.00,130,19.47,23.32,N/A,https://artificialanalysis.ai/models/claude-4-5-haiku-reasoning,https://artificialanalysis.ai/models/claude-4-5-haiku-reasoning/providers
114,Google Vertex,Claude 4.5 Haiku Vertex,200k,Proprietary,37,$2.00,118,18.43,22.67,N/A,https://artificialanalysis.ai/models/claude-4-5-haiku-reasoning,https://artificialanalysis.ai/models/claude-4-5-haiku-reasoning/providers
115,Anthropic,Claude 4.5 Haiku,200k,Proprietary,37,$2.00,125,17.65,21.66,N/A,https://artificialanalysis.ai/models/claude-4-5-haiku-reasoning,https://artificialanalysis.ai/models/claude-4-5-haiku-reasoning/providers
116,Microsoft Azure,Claude 4.5 Haiku,200k,Proprietary,37,$2.00,109,18.76,23.33,N/A,https://artificialanalysis.ai/models/claude-4-5-haiku-reasoning,https://artificialanalysis.ai/models/claude-4-5-haiku-reasoning/providers
117,Novita,KAT-Coder-Pro V1,256k,Proprietary,36,$0.53,28,2.27,20.45,N/A,https://artificialanalysis.ai/models/kat-coder-pro-v1,https://artificialanalysis.ai/models/kat-coder-pro-v1/providers
118,Weights & Biases,NVIDIA Nemotron 3 Super,262k,Open,36,$0.35,149,0.75,17.51,13.40,https://artificialanalysis.ai/models/nvidia-nemotron-3-super-120b-a12b,https://artificialanalysis.ai/models/nvidia-nemotron-3-super-120b-a12b/providers
119,DeepInfra,NVIDIA Nemotron 3 Super,262k,Open,36,$0.20,464,31.73,37.11,4.31,https://artificialanalysis.ai/models/nvidia-nemotron-3-super-120b-a12b,https://artificialanalysis.ai/models/nvidia-nemotron-3-super-120b-a12b/providers
120,Nebius,NVIDIA Nemotron 3 Super,256k,Open,36,$0.45,137,1.71,20.02,14.65,https://artificialanalysis.ai/models/nvidia-nemotron-3-super-120b-a12b,https://artificialanalysis.ai/models/nvidia-nemotron-3-super-120b-a12b/providers
121,Lightning AI,NVIDIA Nemotron 3 Super,256k,Open,36,$0.45,449,0.54,6.11,4.45,https://artificialanalysis.ai/models/nvidia-nemotron-3-super-120b-a12b,https://artificialanalysis.ai/models/nvidia-nemotron-3-super-120b-a12b/providers
122,Baseten,NVIDIA Nemotron 3 Super,203k,Open,36,$0.41,466,0.50,5.87,4.30,https://artificialanalysis.ai/models/nvidia-nemotron-3-super-120b-a12b,https://artificialanalysis.ai/models/nvidia-nemotron-3-super-120b-a12b/providers
123,Alibaba Cloud,Qwen3.5 122B A10B,262k,Open,36,$1.10,145,2.39,5.83,N/A,https://artificialanalysis.ai/models/qwen3-5-122b-a10b-non-reasoning,https://artificialanalysis.ai/models/qwen3-5-122b-a10b-non-reasoning/providers
124,Amazon Bedrock,Nova 2.0 Pro Preview (medium),256k,Proprietary,36,$3.44,146,12.06,29.17,13.69,https://artificialanalysis.ai/models/nova-2-0-pro-reasoning-medium,https://artificialanalysis.ai/models/nova-2-0-pro-reasoning-medium/providers
125,OpenAI,GPT-5.4,1m,Proprietary,35,$5.63,66,0.80,8.43,N/A,https://artificialanalysis.ai/models/gpt-5-4-non-reasoning,https://artificialanalysis.ai/models/gpt-5-4-non-reasoning/providers
126,Google (AI Studio),Gemini 3 Flash (AI Studio),1m,Proprietary,35,$1.13,160,1.45,4.58,N/A,https://artificialanalysis.ai/models/gemini-3-flash,https://artificialanalysis.ai/models/gemini-3-flash/providers
127,Google Vertex,Gemini 2.5 Pro Vertex,1m,Proprietary,35,$3.44,115,25.51,29.86,N/A,https://artificialanalysis.ai/models/gemini-2-5-pro,https://artificialanalysis.ai/models/gemini-2-5-pro/providers
128,Google (AI Studio),Gemini 2.5 Pro (AI Studio),1m,Proprietary,35,$3.44,127,24.26,28.19,N/A,https://artificialanalysis.ai/models/gemini-2-5-pro,https://artificialanalysis.ai/models/gemini-2-5-pro/providers
129,Google (AI Studio),Gemini 3.1 Flash-Lite Preview (AI Studio),1m,Proprietary,34,$0.56,237,8.18,10.29,N/A,https://artificialanalysis.ai/models/gemini-3-1-flash-lite-preview,https://artificialanalysis.ai/models/gemini-3-1-flash-lite-preview/providers
130,Cerebras,gpt-oss-120B (high),131k,Open,33,$0.45,"1,618",0.47,2.01,1.24,https://artificialanalysis.ai/models/gpt-oss-120b,https://artificialanalysis.ai/models/gpt-oss-120b/providers
131,Parasail,gpt-oss-120B (high),131k,Open,33,$0.26,50,1.26,51.62,40.29,https://artificialanalysis.ai/models/gpt-oss-120b,https://artificialanalysis.ai/models/gpt-oss-120b/providers
132,Databricks,gpt-oss-120B (high),128k,Open,33,$0.26,176,0.58,14.82,11.39,https://artificialanalysis.ai/models/gpt-oss-120b,https://artificialanalysis.ai/models/gpt-oss-120b/providers
133,Microsoft Azure,gpt-oss-120B (high),131k,Open,33,$0.26,265,1.11,10.53,7.54,https://artificialanalysis.ai/models/gpt-oss-120b,https://artificialanalysis.ai/models/gpt-oss-120b/providers
134,Baseten,gpt-oss-120B (high),128k,Open,33,$0.20,269,0.24,9.53,7.43,https://artificialanalysis.ai/models/gpt-oss-120b,https://artificialanalysis.ai/models/gpt-oss-120b/providers
135,SambaNova,gpt-oss-120B (high),131k,Open,33,$0.31,654,1.57,5.39,3.06,https://artificialanalysis.ai/models/gpt-oss-120b,https://artificialanalysis.ai/models/gpt-oss-120b/providers
136,Hyperbolic,gpt-oss-120B (high),131k,Open,33,$0.30,586,0.72,4.98,3.41,https://artificialanalysis.ai/models/gpt-oss-120b,https://artificialanalysis.ai/models/gpt-oss-120b/providers
137,Amazon Bedrock,gpt-oss-120B (high),131k,Open,33,$0.26,269,0.91,10.19,7.42,https://artificialanalysis.ai/models/gpt-oss-120b,https://artificialanalysis.ai/models/gpt-oss-120b/providers
138,Together.ai,gpt-oss-120B (high),131k,Open,33,$0.26,654,0.32,4.14,3.06,https://artificialanalysis.ai/models/gpt-oss-120b,https://artificialanalysis.ai/models/gpt-oss-120b/providers
139,Lightning AI,gpt-oss-120B (high),128k,Open,33,$0.17,207,0.50,12.60,9.68,https://artificialanalysis.ai/models/gpt-oss-120b,https://artificialanalysis.ai/models/gpt-oss-120b/providers
140,DeepInfra (Turbo),gpt-oss-120B (high) (Turbo),131k,Open,33,$0.26,223,0.43,11.62,8.95,https://artificialanalysis.ai/models/gpt-oss-120b,https://artificialanalysis.ai/models/gpt-oss-120b/providers
141,Google Vertex,gpt-oss-120B (high) Vertex,131k,Open,33,$0.16,462,0.32,5.73,4.33,https://artificialanalysis.ai/models/gpt-oss-120b,https://artificialanalysis.ai/models/gpt-oss-120b/providers
142,Groq,gpt-oss-120B (high),131k,Open,33,$0.26,472,0.60,5.90,4.24,https://artificialanalysis.ai/models/gpt-oss-120b,https://artificialanalysis.ai/models/gpt-oss-120b/providers
143,Clarifai,gpt-oss-120B (high),131k,Open,33,$0.16,409,0.43,6.54,4.89,https://artificialanalysis.ai/models/gpt-oss-120b,https://artificialanalysis.ai/models/gpt-oss-120b/providers
144,DeepInfra,gpt-oss-120B (high),131k,Open,33,$0.08,62,1.06,41.62,32.44,https://artificialanalysis.ai/models/gpt-oss-120b,https://artificialanalysis.ai/models/gpt-oss-120b/providers
145,Weights & Biases,gpt-oss-120B (high),131k,Open,33,$0.26,112,1.13,23.45,17.86,https://artificialanalysis.ai/models/gpt-oss-120b,https://artificialanalysis.ai/models/gpt-oss-120b/providers
146,Novita,gpt-oss-120B (high),131k,Open,33,$0.10,74,0.86,34.76,27.12,https://artificialanalysis.ai/models/gpt-oss-120b,https://artificialanalysis.ai/models/gpt-oss-120b/providers
147,Fireworks,gpt-oss-120B (high),131k,Open,33,$0.26,695,0.38,3.97,2.88,https://artificialanalysis.ai/models/gpt-oss-120b,https://artificialanalysis.ai/models/gpt-oss-120b/providers
148,Scaleway,gpt-oss-120B (high),128k,Open,33,$0.30,184,1.25,14.85,10.87,https://artificialanalysis.ai/models/gpt-oss-120b,https://artificialanalysis.ai/models/gpt-oss-120b/providers
149,Nebius Fast,gpt-oss-120B (high) Fast,131k,Open,33,$0.20,816,2.00,5.06,2.45,https://artificialanalysis.ai/models/gpt-oss-120b,https://artificialanalysis.ai/models/gpt-oss-120b/providers
150,Cloudflare,gpt-oss-120B (high),128k,Open,33,$0.45,94,1.07,27.79,21.38,https://artificialanalysis.ai/models/gpt-oss-120b,https://artificialanalysis.ai/models/gpt-oss-120b/providers
151,Nebius Base,gpt-oss-120B (high) Base,128k,Open,33,$0.26,235,0.93,11.55,8.50,https://artificialanalysis.ai/models/gpt-oss-120b,https://artificialanalysis.ai/models/gpt-oss-120b/providers
152,Eigen AI,gpt-oss-120B (high),131k,Open,33,$0.20,982,1.49,4.03,2.04,https://artificialanalysis.ai/models/gpt-oss-120b,https://artificialanalysis.ai/models/gpt-oss-120b/providers
153,Inception,Mercury 2,128k,Proprietary,33,$0.38,825,5.11,5.71,N/A,https://artificialanalysis.ai/models/mercury-2,https://artificialanalysis.ai/models/mercury-2/providers
154,Together.ai (FP8),Qwen3.5 9B (FP8),262k,Open,32,$0.11,61,0.66,41.58,32.73,https://artificialanalysis.ai/models/qwen3-5-9b,https://artificialanalysis.ai/models/qwen3-5-9b/providers
155,Amazon Bedrock,DeepSeek V3.2,128k,Open,32,$0.93,61,1.66,9.91,N/A,https://artificialanalysis.ai/models/deepseek-v3-2,https://artificialanalysis.ai/models/deepseek-v3-2/providers
156,GMI,DeepSeek V3.2,164k,Open,32,$0.23,34,2.23,16.76,N/A,https://artificialanalysis.ai/models/deepseek-v3-2,https://artificialanalysis.ai/models/deepseek-v3-2/providers
157,Nebius Fast,DeepSeek V3.2 Fast,164k,Open,32,$0.80,148,2.12,5.49,N/A,https://artificialanalysis.ai/models/deepseek-v3-2,https://artificialanalysis.ai/models/deepseek-v3-2/providers
158,SiliconFlow (FP8),DeepSeek V3.2 (FP8),164k,Open,32,$0.31,43,21.98,33.58,N/A,https://artificialanalysis.ai/models/deepseek-v3-2,https://artificialanalysis.ai/models/deepseek-v3-2/providers
159,DeepSeek,DeepSeek V3.2,128k,Open,32,$0.32,32,1.65,17.08,N/A,https://artificialanalysis.ai/models/deepseek-v3-2,https://artificialanalysis.ai/models/deepseek-v3-2/providers
160,Google Vertex,DeepSeek V3.2 Vertex,164k,Open,32,$0.84,216,0.78,3.09,N/A,https://artificialanalysis.ai/models/deepseek-v3-2,https://artificialanalysis.ai/models/deepseek-v3-2/providers
161,Novita,DeepSeek V3.2,164k,Open,32,$0.32,35,1.63,15.99,N/A,https://artificialanalysis.ai/models/deepseek-v3-2,https://artificialanalysis.ai/models/deepseek-v3-2/providers
162,DeepInfra,DeepSeek V3.2,164k,Open,32,$0.29,11,1.49,45.25,N/A,https://artificialanalysis.ai/models/deepseek-v3-2,https://artificialanalysis.ai/models/deepseek-v3-2/providers
163,Eigen AI,DeepSeek V3.2,131k,Open,32,$0.91,148,1.60,4.98,N/A,https://artificialanalysis.ai/models/deepseek-v3-2,https://artificialanalysis.ai/models/deepseek-v3-2/providers
164,Microsoft Azure,DeepSeek V3.2,128k,Open,32,$0.85,221,1.13,3.39,N/A,https://artificialanalysis.ai/models/deepseek-v3-2,https://artificialanalysis.ai/models/deepseek-v3-2/providers
165,Nebius,DeepSeek V3.2,164k,Open,32,$0.34,74,2.14,8.90,N/A,https://artificialanalysis.ai/models/deepseek-v3-2,https://artificialanalysis.ai/models/deepseek-v3-2/providers
166,FriendliAI,DeepSeek V3.2,164k,Open,32,$0.75,95,1.18,6.45,N/A,https://artificialanalysis.ai/models/deepseek-v3-2,https://artificialanalysis.ai/models/deepseek-v3-2/providers
167,xAI Fast,Grok 3 mini Reasoning (high) Fast,131k,Proprietary,32,$1.45,191,0.58,13.70,10.50,https://artificialanalysis.ai/models/grok-3-mini-reasoning,https://artificialanalysis.ai/models/grok-3-mini-reasoning/providers
168,xAI,Grok 3 mini Reasoning (high),131k,Proprietary,32,$0.35,189,0.60,13.81,10.57,https://artificialanalysis.ai/models/grok-3-mini-reasoning,https://artificialanalysis.ai/models/grok-3-mini-reasoning/providers
169,Microsoft Azure,Grok 3 mini Reasoning (high),32k,Proprietary,32,$0.00,107,0.58,24.05,18.78,https://artificialanalysis.ai/models/grok-3-mini-reasoning,https://artificialanalysis.ai/models/grok-3-mini-reasoning/providers
170,Amazon Bedrock,Nova 2.0 Pro Preview (low),256k,Proprietary,32,$3.44,140,10.10,28.00,14.32,https://artificialanalysis.ai/models/nova-2-0-pro-reasoning-low,https://artificialanalysis.ai/models/nova-2-0-pro-reasoning-low/providers
171,Amazon Bedrock,Claude 4.5 Haiku,200k,Proprietary,31,$2.00,108,1.09,5.72,N/A,https://artificialanalysis.ai/models/claude-4-5-haiku,https://artificialanalysis.ai/models/claude-4-5-haiku/providers
172,Google Vertex,Claude 4.5 Haiku Vertex,200k,Proprietary,31,$2.00,96,0.74,5.94,N/A,https://artificialanalysis.ai/models/claude-4-5-haiku,https://artificialanalysis.ai/models/claude-4-5-haiku/providers
173,Anthropic,Claude 4.5 Haiku,200k,Proprietary,31,$2.00,100,0.66,5.68,N/A,https://artificialanalysis.ai/models/claude-4-5-haiku,https://artificialanalysis.ai/models/claude-4-5-haiku/providers
174,Microsoft Azure,Claude 4.5 Haiku,200k,Proprietary,31,$2.00,99,1.11,6.16,N/A,https://artificialanalysis.ai/models/claude-4-5-haiku,https://artificialanalysis.ai/models/claude-4-5-haiku/providers
175,Alibaba Cloud,Qwen3.5 35B A3B,262k,Open,31,$0.69,155,2.14,5.35,N/A,https://artificialanalysis.ai/models/qwen3-5-35b-a3b-non-reasoning,https://artificialanalysis.ai/models/qwen3-5-35b-a3b-non-reasoning/providers
176,Xiaomi,MiMo-V2-Flash,256k,Open,30,$0.15,137,2.30,5.95,N/A,https://artificialanalysis.ai/models/mimo-v2-flash,https://artificialanalysis.ai/models/mimo-v2-flash/providers
177,Amazon Bedrock,Nova 2.0 Lite (medium),1m,Proprietary,30,$0.85,193,15.52,28.50,10.38,https://artificialanalysis.ai/models/nova-2-0-lite-reasoning-medium,https://artificialanalysis.ai/models/nova-2-0-lite-reasoning-medium/providers
178,xAI,Grok 4.20 Beta 0309,2m,Proprietary,30,$3.00,208,0.56,2.96,N/A,https://artificialanalysis.ai/models/grok-4-20-non-reasoning,https://artificialanalysis.ai/models/grok-4-20-non-reasoning/providers
179,xAI,Grok Code Fast 1,256k,Proprietary,29,$0.53,215,3.21,5.54,N/A,https://artificialanalysis.ai/models/grok-code-fast-1,https://artificialanalysis.ai/models/grok-code-fast-1/providers
180,Together.ai (FP8),Qwen3 Coder Next (FP8),262k,Open,28,$0.68,155,1.34,4.56,N/A,https://artificialanalysis.ai/models/qwen3-coder-next,https://artificialanalysis.ai/models/qwen3-coder-next/providers
181,Novita (FP8),Qwen3 Coder Next (FP8),262k,Open,28,$0.53,178,2.02,4.82,N/A,https://artificialanalysis.ai/models/qwen3-coder-next,https://artificialanalysis.ai/models/qwen3-coder-next/providers
182,Parasail (FP8),Qwen3 Coder Next (FP8),262k,Open,28,$0.31,78,1.21,7.62,N/A,https://artificialanalysis.ai/models/qwen3-coder-next,https://artificialanalysis.ai/models/qwen3-coder-next/providers
183,Amazon Bedrock,Qwen3 Coder Next,128k,Open,28,$0.68,153,0.90,4.17,N/A,https://artificialanalysis.ai/models/qwen3-coder-next,https://artificialanalysis.ai/models/qwen3-coder-next/providers
184,Together.ai,Apriel-v1.6-15B-Thinker,131k,Open,28,$0.00,126,0.43,20.31,15.91,https://artificialanalysis.ai/models/apriel-v1-6-15b-thinker,https://artificialanalysis.ai/models/apriel-v1-6-15b-thinker/providers
185,Mistral,Magistral Medium 1.2,128k,Proprietary,27,$2.75,86,1.65,30.88,23.38,https://artificialanalysis.ai/models/magistral-medium-2509,https://artificialanalysis.ai/models/magistral-medium-2509/providers
186,Novita,DeepSeek R1 0528,164k,Open,27,$1.15,28,2.89,93.39,72.40,https://artificialanalysis.ai/models/deepseek-r1,https://artificialanalysis.ai/models/deepseek-r1/providers
187,Nebius,DeepSeek R1 0528,164k,Open,27,$1.20,29,1.34,88.92,70.06,https://artificialanalysis.ai/models/deepseek-r1,https://artificialanalysis.ai/models/deepseek-r1/providers
188,SambaNova,DeepSeek R1 0528,131k,Open,27,$5.50,119,3.10,24.08,16.79,https://artificialanalysis.ai/models/deepseek-r1,https://artificialanalysis.ai/models/deepseek-r1/providers
189,Microsoft Azure,DeepSeek R1 0528,128k,Open,27,$2.36,87,1.28,29.98,22.97,https://artificialanalysis.ai/models/deepseek-r1,https://artificialanalysis.ai/models/deepseek-r1/providers
190,Google Vertex,DeepSeek R1 0528 Vertex,164k,Open,27,$2.36,186,0.90,14.33,10.75,https://artificialanalysis.ai/models/deepseek-r1,https://artificialanalysis.ai/models/deepseek-r1/providers
191,Together.ai,DeepSeek R1 0528,164k,Open,27,$4.00,288,0.61,9.29,6.94,https://artificialanalysis.ai/models/deepseek-r1,https://artificialanalysis.ai/models/deepseek-r1/providers
192,"Nebius Fast, FP4","DeepSeek R1 0528 Fast, FP4",164k,Open,27,$3.00,259,1.84,11.51,7.74,https://artificialanalysis.ai/models/deepseek-r1,https://artificialanalysis.ai/models/deepseek-r1/providers
193,Hyperbolic,DeepSeek R1 0528,164k,Open,27,$3.00,109,0.79,23.77,18.39,https://artificialanalysis.ai/models/deepseek-r1,https://artificialanalysis.ai/models/deepseek-r1/providers
194,DeepInfra,DeepSeek R1 0528,164k,Open,27,$0.91,40,0.62,63.60,50.38,https://artificialanalysis.ai/models/deepseek-r1,https://artificialanalysis.ai/models/deepseek-r1/providers
195,Google Vertex,Qwen3 Next 80B A3B Vertex,262k,Open,27,$0.41,150,0.46,17.17,13.36,https://artificialanalysis.ai/models/qwen3-next-80b-a3b-reasoning,https://artificialanalysis.ai/models/qwen3-next-80b-a3b-reasoning/providers
196,Novita,Qwen3 Next 80B A3B,131k,Open,27,$0.49,204,1.75,13.98,9.79,https://artificialanalysis.ai/models/qwen3-next-80b-a3b-reasoning,https://artificialanalysis.ai/models/qwen3-next-80b-a3b-reasoning/providers
197,Alibaba Cloud,Qwen3 Next 80B A3B,262k,Open,27,$1.88,153,2.06,18.42,13.09,https://artificialanalysis.ai/models/qwen3-next-80b-a3b-reasoning,https://artificialanalysis.ai/models/qwen3-next-80b-a3b-reasoning/providers
198,Hyperbolic,Qwen3 Next 80B A3B,262k,Open,27,$0.30,322,0.99,8.75,6.21,https://artificialanalysis.ai/models/qwen3-next-80b-a3b-reasoning,https://artificialanalysis.ai/models/qwen3-next-80b-a3b-reasoning/providers
199,Nebius (FP8),Qwen3 Next 80B A3B (FP8),262k,Open,27,$0.41,146,1.10,18.22,13.69,https://artificialanalysis.ai/models/qwen3-next-80b-a3b-reasoning,https://artificialanalysis.ai/models/qwen3-next-80b-a3b-reasoning/providers
200,Eigen AI,Qwen3 Next 80B A3B,262k,Open,27,$0.41,341,1.75,9.08,5.86,https://artificialanalysis.ai/models/qwen3-next-80b-a3b-reasoning,https://artificialanalysis.ai/models/qwen3-next-80b-a3b-reasoning/providers
201,Nebius Fast,Qwen3 Next 80B A3B Fast,262k,Open,27,$0.41,339,2.13,9.50,5.89,https://artificialanalysis.ai/models/qwen3-next-80b-a3b-reasoning,https://artificialanalysis.ai/models/qwen3-next-80b-a3b-reasoning/providers
202,DeepInfra (FP8),Qwen3 Coder 480B (FP8),262k,Open,25,$0.70,76,0.84,7.40,N/A,https://artificialanalysis.ai/models/qwen3-coder-480b-a35b-instruct,https://artificialanalysis.ai/models/qwen3-coder-480b-a35b-instruct/providers
203,Hyperbolic (FP8),Qwen3 Coder 480B (FP8),262k,Open,25,$2.00,80,1.28,7.56,N/A,https://artificialanalysis.ai/models/qwen3-coder-480b-a35b-instruct,https://artificialanalysis.ai/models/qwen3-coder-480b-a35b-instruct/providers
204,Alibaba Cloud,Qwen3 Coder 480B,262k,Open,25,$3.00,64,3.06,10.87,N/A,https://artificialanalysis.ai/models/qwen3-coder-480b-a35b-instruct,https://artificialanalysis.ai/models/qwen3-coder-480b-a35b-instruct/providers
205,Nebius,Qwen3 Coder 480B,262k,Open,25,$0.75,59,1.36,9.81,N/A,https://artificialanalysis.ai/models/qwen3-coder-480b-a35b-instruct,https://artificialanalysis.ai/models/qwen3-coder-480b-a35b-instruct/providers
206,Amazon Bedrock,Qwen3 Coder 480B,262k,Open,25,$0.61,71,1.46,8.54,N/A,https://artificialanalysis.ai/models/qwen3-coder-480b-a35b-instruct,https://artificialanalysis.ai/models/qwen3-coder-480b-a35b-instruct/providers
207,Google Vertex,Qwen3 Coder 480B Vertex,262k,Open,25,$0.61,176,0.68,3.52,N/A,https://artificialanalysis.ai/models/qwen3-coder-480b-a35b-instruct,https://artificialanalysis.ai/models/qwen3-coder-480b-a35b-instruct/providers
208,"DeepInfra (Turbo, FP4)","Qwen3 Coder 480B (Turbo, FP4)",262k,Open,25,$0.41,46,0.58,11.35,N/A,https://artificialanalysis.ai/models/qwen3-coder-480b-a35b-instruct,https://artificialanalysis.ai/models/qwen3-coder-480b-a35b-instruct/providers
209,Novita,Qwen3 Coder 480B,262k,Open,25,$0.55,67,2.09,9.58,N/A,https://artificialanalysis.ai/models/qwen3-coder-480b-a35b-instruct,https://artificialanalysis.ai/models/qwen3-coder-480b-a35b-instruct/providers
210,Weights & Biases,Qwen3 Coder 480B,262k,Open,25,$1.13,63,0.92,8.89,N/A,https://artificialanalysis.ai/models/qwen3-coder-480b-a35b-instruct,https://artificialanalysis.ai/models/qwen3-coder-480b-a35b-instruct/providers
211,Eigen AI,Qwen3 Coder 480B,262k,Open,25,$0.61,264,1.42,3.31,N/A,https://artificialanalysis.ai/models/qwen3-coder-480b-a35b-instruct,https://artificialanalysis.ai/models/qwen3-coder-480b-a35b-instruct/providers
212,Together.ai (FP8),Qwen3 Coder 480B (FP8),262k,Open,25,$2.00,164,0.59,3.64,N/A,https://artificialanalysis.ai/models/qwen3-coder-480b-a35b-instruct,https://artificialanalysis.ai/models/qwen3-coder-480b-a35b-instruct/providers
213,Amazon Bedrock,Nova 2.0 Lite (low),1m,Proprietary,25,$0.85,204,8.77,20.99,9.78,https://artificialanalysis.ai/models/nova-2-0-lite-reasoning-low,https://artificialanalysis.ai/models/nova-2-0-lite-reasoning-low/providers
214,Baseten,gpt-oss-120B (low),128k,Open,24,$0.20,250,0.20,10.18,7.99,https://artificialanalysis.ai/models/gpt-oss-120b-low,https://artificialanalysis.ai/models/gpt-oss-120b-low/providers
215,Lightning AI,gpt-oss-120B (low),128k,Open,24,$0.17,206,0.49,12.64,9.72,https://artificialanalysis.ai/models/gpt-oss-120b-low,https://artificialanalysis.ai/models/gpt-oss-120b-low/providers
216,Amazon Bedrock,gpt-oss-120B (low),131k,Open,24,$0.26,271,0.92,10.13,7.37,https://artificialanalysis.ai/models/gpt-oss-120b-low,https://artificialanalysis.ai/models/gpt-oss-120b-low/providers
217,Parasail,gpt-oss-120B (low),131k,Open,24,$0.26,40,1.30,63.96,50.13,https://artificialanalysis.ai/models/gpt-oss-120b-low,https://artificialanalysis.ai/models/gpt-oss-120b-low/providers
218,Databricks,gpt-oss-120B (low),128k,Open,24,$0.26,173,0.60,15.04,11.55,https://artificialanalysis.ai/models/gpt-oss-120b-low,https://artificialanalysis.ai/models/gpt-oss-120b-low/providers
219,Together.ai,gpt-oss-120B (low),131k,Open,24,$0.26,622,0.51,4.53,3.22,https://artificialanalysis.ai/models/gpt-oss-120b-low,https://artificialanalysis.ai/models/gpt-oss-120b-low/providers
220,Hyperbolic,gpt-oss-120B (low),131k,Open,24,$0.30,540,0.74,5.37,3.71,https://artificialanalysis.ai/models/gpt-oss-120b-low,https://artificialanalysis.ai/models/gpt-oss-120b-low/providers
221,Fireworks,gpt-oss-120B (low),131k,Open,24,$0.26,620,0.39,4.42,3.22,https://artificialanalysis.ai/models/gpt-oss-120b-low,https://artificialanalysis.ai/models/gpt-oss-120b-low/providers
222,Groq,gpt-oss-120B (low),131k,Open,24,$0.26,467,0.61,5.97,4.28,https://artificialanalysis.ai/models/gpt-oss-120b-low,https://artificialanalysis.ai/models/gpt-oss-120b-low/providers
223,Weights & Biases,gpt-oss-120B (low),131k,Open,24,$0.26,118,1.15,22.31,16.92,https://artificialanalysis.ai/models/gpt-oss-120b-low,https://artificialanalysis.ai/models/gpt-oss-120b-low/providers
224,Cerebras,gpt-oss-120B (low),131k,Open,24,$0.45,"1,539",0.46,2.08,1.30,https://artificialanalysis.ai/models/gpt-oss-120b-low,https://artificialanalysis.ai/models/gpt-oss-120b-low/providers
225,Clarifai,gpt-oss-120B (low),131k,Open,24,$0.16,281,0.41,9.30,7.11,https://artificialanalysis.ai/models/gpt-oss-120b-low,https://artificialanalysis.ai/models/gpt-oss-120b-low/providers
226,SambaNova,gpt-oss-120B (low),131k,Open,24,$0.31,719,1.38,4.86,2.78,https://artificialanalysis.ai/models/gpt-oss-120b-low,https://artificialanalysis.ai/models/gpt-oss-120b-low/providers
227,Nebius Base,gpt-oss-120B (low) Base,128k,Open,24,$0.26,240,0.93,11.37,8.35,https://artificialanalysis.ai/models/gpt-oss-120b-low,https://artificialanalysis.ai/models/gpt-oss-120b-low/providers
228,Google Vertex,gpt-oss-120B (low) Vertex,131k,Open,24,$0.16,408,0.32,6.44,4.90,https://artificialanalysis.ai/models/gpt-oss-120b-low,https://artificialanalysis.ai/models/gpt-oss-120b-low/providers
229,Cloudflare,gpt-oss-120B (low),128k,Open,24,$0.45,94,1.16,27.63,21.17,https://artificialanalysis.ai/models/gpt-oss-120b-low,https://artificialanalysis.ai/models/gpt-oss-120b-low/providers
230,Microsoft Azure,gpt-oss-120B (low),131k,Open,24,$0.26,267,1.35,10.70,7.48,https://artificialanalysis.ai/models/gpt-oss-120b-low,https://artificialanalysis.ai/models/gpt-oss-120b-low/providers
231,Eigen AI,gpt-oss-120B (low),131k,Open,24,$0.20,715,1.38,4.88,2.80,https://artificialanalysis.ai/models/gpt-oss-120b-low,https://artificialanalysis.ai/models/gpt-oss-120b-low/providers
232,Novita,gpt-oss-120B (low),131k,Open,24,$0.10,72,0.86,35.47,27.69,https://artificialanalysis.ai/models/gpt-oss-120b-low,https://artificialanalysis.ai/models/gpt-oss-120b-low/providers
233,Novita,gpt-oss-20B (high),131k,Open,24,$0.07,86,1.27,30.20,23.14,https://artificialanalysis.ai/models/gpt-oss-20b,https://artificialanalysis.ai/models/gpt-oss-20b/providers
234,Google Vertex,gpt-oss-20B (high) Vertex,131k,Open,24,$0.12,246,0.32,10.47,8.12,https://artificialanalysis.ai/models/gpt-oss-20b,https://artificialanalysis.ai/models/gpt-oss-20b/providers
235,Amazon Bedrock,gpt-oss-20B (high),131k,Open,24,$0.13,630,10.92,14.89,3.18,https://artificialanalysis.ai/models/gpt-oss-20b,https://artificialanalysis.ai/models/gpt-oss-20b/providers
236,Databricks,gpt-oss-20B (high),131k,Open,24,$0.13,308,0.78,8.89,6.48,https://artificialanalysis.ai/models/gpt-oss-20b,https://artificialanalysis.ai/models/gpt-oss-20b/providers
237,Groq,gpt-oss-20B (high),131k,Open,24,$0.13,930,0.68,3.37,2.15,https://artificialanalysis.ai/models/gpt-oss-20b,https://artificialanalysis.ai/models/gpt-oss-20b/providers
238,DeepInfra,gpt-oss-20B (high),131k,Open,24,$0.06,71,0.46,35.92,28.36,https://artificialanalysis.ai/models/gpt-oss-20b,https://artificialanalysis.ai/models/gpt-oss-20b/providers
239,Together.ai,gpt-oss-20B (high),131k,Open,24,$0.09,693,0.35,3.96,2.89,https://artificialanalysis.ai/models/gpt-oss-20b,https://artificialanalysis.ai/models/gpt-oss-20b/providers
240,Hyperbolic,gpt-oss-20B (high),131k,Open,24,$0.10,115,0.92,22.58,17.33,https://artificialanalysis.ai/models/gpt-oss-20b,https://artificialanalysis.ai/models/gpt-oss-20b/providers
241,Lightning AI,gpt-oss-20B (high),128k,Open,24,$0.09,394,0.37,6.72,5.07,https://artificialanalysis.ai/models/gpt-oss-20b,https://artificialanalysis.ai/models/gpt-oss-20b/providers
242,Weights & Biases,gpt-oss-20B (high),131k,Open,24,$0.09,303,0.64,8.90,6.61,https://artificialanalysis.ai/models/gpt-oss-20b,https://artificialanalysis.ai/models/gpt-oss-20b/providers
243,Nebius Base,gpt-oss-20B (high) Base,128k,Open,24,$0.09,197,0.96,13.67,10.17,https://artificialanalysis.ai/models/gpt-oss-20b,https://artificialanalysis.ai/models/gpt-oss-20b/providers
244,Cloudflare,gpt-oss-20B (high),128k,Open,24,$0.23,195,0.91,13.74,10.26,https://artificialanalysis.ai/models/gpt-oss-20b,https://artificialanalysis.ai/models/gpt-oss-20b/providers
245,OpenAI,GPT-5.4 nano,400k,Proprietary,24,$0.46,171,0.63,3.55,N/A,https://artificialanalysis.ai/models/gpt-5-4-nano-non-reasoning,https://artificialanalysis.ai/models/gpt-5-4-nano-non-reasoning/providers
246,Nebius,NVIDIA Nemotron 3 Nano,1m,Open,24,$0.10,190,1.02,14.15,10.51,https://artificialanalysis.ai/models/nvidia-nemotron-3-nano-30b-a3b-reasoning,https://artificialanalysis.ai/models/nvidia-nemotron-3-nano-30b-a3b-reasoning/providers
247,DeepInfra,NVIDIA Nemotron 3 Nano,262k,Open,24,$0.10,76,7.41,40.27,26.28,https://artificialanalysis.ai/models/nvidia-nemotron-3-nano-30b-a3b-reasoning,https://artificialanalysis.ai/models/nvidia-nemotron-3-nano-30b-a3b-reasoning/providers
248,LongCat,LongCat Flash Lite,256k,Open,24,$0.00,102,6.54,11.44,N/A,https://artificialanalysis.ai/models/longcat-flash-lite,https://artificialanalysis.ai/models/longcat-flash-lite/providers
249,SiliconFlow,GLM-4.6V,128k,Open,23,$0.45,22,2.65,114.57,89.53,https://artificialanalysis.ai/models/glm-4-6v-reasoning,https://artificialanalysis.ai/models/glm-4-6v-reasoning/providers
250,DeepInfra (FP8),GLM-4.6V (FP8),131k,Open,23,$0.45,101,0.82,25.53,19.76,https://artificialanalysis.ai/models/glm-4-6v-reasoning,https://artificialanalysis.ai/models/glm-4-6v-reasoning/providers
251,Novita,GLM-4.6V,131k,Open,23,$0.45,23,2.33,109.22,85.51,https://artificialanalysis.ai/models/glm-4-6v-reasoning,https://artificialanalysis.ai/models/glm-4-6v-reasoning/providers
252,OpenAI,GPT-5.4 mini,400k,Proprietary,23,$1.69,213,0.58,2.93,N/A,https://artificialanalysis.ai/models/gpt-5-4-mini-non-reasoning,https://artificialanalysis.ai/models/gpt-5-4-mini-non-reasoning/providers
253,Microsoft Azure,GPT-5.4 mini,400k,Proprietary,23,$1.69,201,0.88,3.37,N/A,https://artificialanalysis.ai/models/gpt-5-4-mini-non-reasoning,https://artificialanalysis.ai/models/gpt-5-4-mini-non-reasoning/providers
254,Amazon Bedrock,Nova 2.0 Omni (low),1m,Proprietary,23,$0.85,199,7.02,19.56,10.03,https://artificialanalysis.ai/models/nova-2-0-omni-reasoning-low,https://artificialanalysis.ai/models/nova-2-0-omni-reasoning-low/providers
255,Amazon Bedrock,Nova 2.0 Pro Preview,256k,Proprietary,23,$3.44,140,0.81,4.37,N/A,https://artificialanalysis.ai/models/nova-2-0-pro,https://artificialanalysis.ai/models/nova-2-0-pro/providers
256,Mistral,Mistral Large 3,256k,Open,23,$0.75,49,1.08,11.29,N/A,https://artificialanalysis.ai/models/mistral-large-3,https://artificialanalysis.ai/models/mistral-large-3/providers
257,Amazon Bedrock,Mistral Large 3,256k,Open,23,$0.75,195,0.94,3.50,N/A,https://artificialanalysis.ai/models/mistral-large-3,https://artificialanalysis.ai/models/mistral-large-3/providers
258,Microsoft Azure,Mistral Large 3,256k,Open,23,$0.75,68,1.95,9.26,N/A,https://artificialanalysis.ai/models/mistral-large-3,https://artificialanalysis.ai/models/mistral-large-3/providers
259,Mistral,Devstral 2,256k,Open,22,$0.00,82,0.86,6.95,N/A,https://artificialanalysis.ai/models/devstral-2,https://artificialanalysis.ai/models/devstral-2/providers
260,Google (AI Studio),Gemini 2.5 Flash-Lite (Sep) (AI Studio),1m,Proprietary,22,$0.17,359,4.28,5.67,N/A,https://artificialanalysis.ai/models/gemini-2-5-flash-lite-preview-09-2025-reasoning,https://artificialanalysis.ai/models/gemini-2-5-flash-lite-preview-09-2025-reasoning/providers
261,Mistral,Mistral Medium 3.1,131k,Proprietary,21,$0.80,84,1.22,7.15,N/A,https://artificialanalysis.ai/models/mistral-medium-3-1,https://artificialanalysis.ai/models/mistral-medium-3-1/providers
262,Google Vertex,gpt-oss-20B (low) Vertex,131k,Open,21,$0.12,257,0.32,10.07,7.80,https://artificialanalysis.ai/models/gpt-oss-20b-low,https://artificialanalysis.ai/models/gpt-oss-20b-low/providers
263,Amazon Bedrock,gpt-oss-20B (low),131k,Open,21,$0.13,364,4.62,11.49,5.50,https://artificialanalysis.ai/models/gpt-oss-20b-low,https://artificialanalysis.ai/models/gpt-oss-20b-low/providers
264,Novita,gpt-oss-20B (low),131k,Open,21,$0.07,65,1.29,39.67,30.71,https://artificialanalysis.ai/models/gpt-oss-20b-low,https://artificialanalysis.ai/models/gpt-oss-20b-low/providers
265,Together.ai,gpt-oss-20B (low),131k,Open,21,$0.09,706,0.35,3.88,2.83,https://artificialanalysis.ai/models/gpt-oss-20b-low,https://artificialanalysis.ai/models/gpt-oss-20b-low/providers
266,Databricks,gpt-oss-20B (low),131k,Open,21,$0.13,312,0.57,8.60,6.42,https://artificialanalysis.ai/models/gpt-oss-20b-low,https://artificialanalysis.ai/models/gpt-oss-20b-low/providers
267,Groq,gpt-oss-20B (low),131k,Open,21,$0.13,938,0.67,3.34,2.13,https://artificialanalysis.ai/models/gpt-oss-20b-low,https://artificialanalysis.ai/models/gpt-oss-20b-low/providers
268,Nebius Base,gpt-oss-20B (low) Base,128k,Open,21,$0.09,224,0.94,12.09,8.92,https://artificialanalysis.ai/models/gpt-oss-20b-low,https://artificialanalysis.ai/models/gpt-oss-20b-low/providers
269,Cloudflare,gpt-oss-20B (low),128k,Open,21,$0.23,174,0.73,15.09,11.49,https://artificialanalysis.ai/models/gpt-oss-20b-low,https://artificialanalysis.ai/models/gpt-oss-20b-low/providers
270,Lightning AI,gpt-oss-20B (low),128k,Open,21,$0.09,401,0.39,6.63,4.99,https://artificialanalysis.ai/models/gpt-oss-20b-low,https://artificialanalysis.ai/models/gpt-oss-20b-low/providers
271,Hyperbolic,gpt-oss-20B (low),131k,Open,21,$0.10,106,0.73,24.33,18.88,https://artificialanalysis.ai/models/gpt-oss-20b-low,https://artificialanalysis.ai/models/gpt-oss-20b-low/providers
272,Weights & Biases,gpt-oss-20B (low),131k,Open,21,$0.09,313,0.64,8.62,6.38,https://artificialanalysis.ai/models/gpt-oss-20b-low,https://artificialanalysis.ai/models/gpt-oss-20b-low/providers
273,Hyperbolic,Qwen3 Next 80B A3B,262k,Open,20,$0.30,332,0.88,2.39,N/A,https://artificialanalysis.ai/models/qwen3-next-80b-a3b-instruct,https://artificialanalysis.ai/models/qwen3-next-80b-a3b-instruct/providers
274,Novita,Qwen3 Next 80B A3B,131k,Open,20,$0.49,136,1.69,5.36,N/A,https://artificialanalysis.ai/models/qwen3-next-80b-a3b-instruct,https://artificialanalysis.ai/models/qwen3-next-80b-a3b-instruct/providers
275,Parasail,Qwen3 Next 80B A3B,262k,Open,20,$0.46,56,0.98,9.85,N/A,https://artificialanalysis.ai/models/qwen3-next-80b-a3b-instruct,https://artificialanalysis.ai/models/qwen3-next-80b-a3b-instruct/providers
276,Alibaba Cloud,Qwen3 Next 80B A3B,131k,Open,20,$0.88,154,2.19,5.44,N/A,https://artificialanalysis.ai/models/qwen3-next-80b-a3b-instruct,https://artificialanalysis.ai/models/qwen3-next-80b-a3b-instruct/providers
277,Google Vertex,Qwen3 Next 80B A3B Vertex,262k,Open,20,$0.41,271,0.47,2.31,N/A,https://artificialanalysis.ai/models/qwen3-next-80b-a3b-instruct,https://artificialanalysis.ai/models/qwen3-next-80b-a3b-instruct/providers
278,DeepInfra,Qwen3 Next 80B A3B,262k,Open,20,$0.34,236,0.64,2.75,N/A,https://artificialanalysis.ai/models/qwen3-next-80b-a3b-instruct,https://artificialanalysis.ai/models/qwen3-next-80b-a3b-instruct/providers
279,Mistral,Devstral Small 2,256k,Open,19,$0.00,180,0.56,3.33,N/A,https://artificialanalysis.ai/models/devstral-small-2,https://artificialanalysis.ai/models/devstral-small-2/providers
280,Google (AI Studio),Gemini 2.5 Flash-Lite (Sep) (AI Studio),1m,Proprietary,19,$0.17,339,0.39,1.87,N/A,https://artificialanalysis.ai/models/gemini-2-5-flash-lite-preview-09-2025,https://artificialanalysis.ai/models/gemini-2-5-flash-lite-preview-09-2025/providers
281,Amazon Bedrock,Nova Premier,1m,Proprietary,19,$5.00,30,2.77,19.17,N/A,https://artificialanalysis.ai/models/nova-premier,https://artificialanalysis.ai/models/nova-premier/providers
282,DeepInfra,Llama Nemotron Super 49B v1.5,131k,Open,19,$0.17,50,0.82,50.48,39.73,https://artificialanalysis.ai/models/llama-nemotron-super-49b-v1-5-reasoning,https://artificialanalysis.ai/models/llama-nemotron-super-49b-v1-5-reasoning/providers
283,Mistral,Mistral Small 4,256k,Open,19,$0.26,136,0.62,4.29,N/A,https://artificialanalysis.ai/models/mistral-small-4-non-reasoning,https://artificialanalysis.ai/models/mistral-small-4-non-reasoning/providers
284,Nebius (FP8),Hermes 4 405B (FP8),128k,Open,19,$1.50,32,2.53,81.51,63.19,https://artificialanalysis.ai/models/hermes-4-llama-3-1-405b-reasoning,https://artificialanalysis.ai/models/hermes-4-llama-3-1-405b-reasoning/providers
285,Parasail (FP8),Llama 4 Maverick (FP8),1m,Open,18,$0.35,146,1.03,4.46,N/A,https://artificialanalysis.ai/models/llama-4-maverick,https://artificialanalysis.ai/models/llama-4-maverick/providers
286,Google Vertex,Llama 4 Maverick Vertex,524k,Open,18,$0.55,143,0.57,4.07,N/A,https://artificialanalysis.ai/models/llama-4-maverick,https://artificialanalysis.ai/models/llama-4-maverick/providers
287,Together.ai,Llama 4 Maverick,1m,Open,18,$0.41,54,0.59,9.81,N/A,https://artificialanalysis.ai/models/llama-4-maverick,https://artificialanalysis.ai/models/llama-4-maverick/providers
288,Microsoft Azure (FP8),Llama 4 Maverick (FP8),128k,Open,18,$0.61,114,1.27,5.64,N/A,https://artificialanalysis.ai/models/llama-4-maverick,https://artificialanalysis.ai/models/llama-4-maverick/providers
289,Amazon Bedrock,Llama 4 Maverick,128k,Open,18,$0.42,221,0.80,3.06,N/A,https://artificialanalysis.ai/models/llama-4-maverick,https://artificialanalysis.ai/models/llama-4-maverick/providers
290,Databricks,Llama 4 Maverick,131k,Open,18,$0.75,95,0.65,5.92,N/A,https://artificialanalysis.ai/models/llama-4-maverick,https://artificialanalysis.ai/models/llama-4-maverick/providers
291,DeepInfra (FP8),Llama 4 Maverick (FP8),1m,Open,18,$0.26,34,0.67,15.26,N/A,https://artificialanalysis.ai/models/llama-4-maverick,https://artificialanalysis.ai/models/llama-4-maverick/providers
292,SambaNova,Llama 4 Maverick,131k,Open,18,$0.92,645,2.05,2.83,N/A,https://artificialanalysis.ai/models/llama-4-maverick,https://artificialanalysis.ai/models/llama-4-maverick/providers
293,Snowflake,Llama 4 Maverick,131k,Open,18,$0.50,122,1.17,5.25,N/A,https://artificialanalysis.ai/models/llama-4-maverick,https://artificialanalysis.ai/models/llama-4-maverick/providers
294,Eigen AI,Llama 4 Maverick,1m,Open,18,$0.47,387,1.10,2.40,N/A,https://artificialanalysis.ai/models/llama-4-maverick,https://artificialanalysis.ai/models/llama-4-maverick/providers
295,Novita (FP8),Llama 4 Maverick (FP8),1m,Open,18,$0.41,54,0.81,10.09,N/A,https://artificialanalysis.ai/models/llama-4-maverick,https://artificialanalysis.ai/models/llama-4-maverick/providers
296,Mistral,Magistral Small 1.2,128k,Open,18,$0.75,114,0.82,22.81,17.60,https://artificialanalysis.ai/models/magistral-small-2509,https://artificialanalysis.ai/models/magistral-small-2509/providers
297,Amazon Bedrock,Magistral Small 1.2,128k,Open,18,$0.75,93,1.24,28.01,21.41,https://artificialanalysis.ai/models/magistral-small-2509,https://artificialanalysis.ai/models/magistral-small-2509/providers
298,Sarvam,Sarvam 105B (high),66k,Open,18,$0.00,110,2.42,25.06,18.12,https://artificialanalysis.ai/models/sarvam-105b,https://artificialanalysis.ai/models/sarvam-105b/providers
299,Amazon Bedrock,Nova 2.0 Lite,1m,Proprietary,18,$0.85,185,1.10,3.80,N/A,https://artificialanalysis.ai/models/nova-2-0-lite,https://artificialanalysis.ai/models/nova-2-0-lite/providers
300,Nebius (FP8),Hermes 4 405B (FP8),128k,Open,18,$1.50,33,2.36,17.65,N/A,https://artificialanalysis.ai/models/hermes-4-llama-3-1-405b,https://artificialanalysis.ai/models/hermes-4-llama-3-1-405b/providers
301,Amazon Bedrock Latency Optimized,Llama 3.1 405B Latency Optimized,128k,Open,17,$3.00,78,2.15,8.59,N/A,https://artificialanalysis.ai/models/llama-3-1-instruct-405b,https://artificialanalysis.ai/models/llama-3-1-instruct-405b/providers
302,Amazon Bedrock Standard,Llama 3.1 405B Standard,128k,Open,17,$2.40,16,8.13,39.87,N/A,https://artificialanalysis.ai/models/llama-3-1-instruct-405b,https://artificialanalysis.ai/models/llama-3-1-instruct-405b/providers
303,Microsoft Azure,Llama 3.1 405B,128k,Open,17,$8.00,29,1.96,18.92,N/A,https://artificialanalysis.ai/models/llama-3-1-instruct-405b,https://artificialanalysis.ai/models/llama-3-1-instruct-405b/providers
304,SiliconFlow,GLM-4.6V,128k,Open,17,$0.45,25,21.69,41.87,N/A,https://artificialanalysis.ai/models/glm-4-6v,https://artificialanalysis.ai/models/glm-4-6v/providers
305,Novita,GLM-4.6V,131k,Open,17,$0.45,21,2.27,26.27,N/A,https://artificialanalysis.ai/models/glm-4-6v,https://artificialanalysis.ai/models/glm-4-6v/providers
306,Amazon Bedrock,Nova 2.0 Omni,1m,Proprietary,17,$0.85,188,1.09,3.75,N/A,https://artificialanalysis.ai/models/nova-2-0-omni,https://artificialanalysis.ai/models/nova-2-0-omni/providers
307,Nebius (FP8),Hermes 4 70B (FP8),128k,Open,16,$0.20,73,1.39,35.79,27.52,https://artificialanalysis.ai/models/hermes-4-llama-3-1-70b-reasoning,https://artificialanalysis.ai/models/hermes-4-llama-3-1-70b-reasoning/providers
308,Mistral,Ministral 3 14B,256k,Open,16,$0.20,96,0.66,5.87,N/A,https://artificialanalysis.ai/models/ministral-3-14b,https://artificialanalysis.ai/models/ministral-3-14b/providers
309,Amazon Bedrock,Ministral 3 14B,256k,Open,16,$0.20,190,0.96,3.59,N/A,https://artificialanalysis.ai/models/ministral-3-14b,https://artificialanalysis.ai/models/ministral-3-14b/providers
310,SiliconFlow,Ling-flash-2.0,131k,Open,16,$0.25,60,2.39,10.74,N/A,https://artificialanalysis.ai/models/ling-flash-2-0,https://artificialanalysis.ai/models/ling-flash-2-0/providers
311,Alibaba Cloud,Qwen3 Omni 30B A3B,66k,Open,16,$0.43,88,1.95,30.38,22.74,https://artificialanalysis.ai/models/qwen3-omni-30b-a3b-reasoning,https://artificialanalysis.ai/models/qwen3-omni-30b-a3b-reasoning/providers
312,Nebius Base,Llama Nemotron Ultra Base,131k,Open,15,$0.90,42,2.47,61.37,47.12,https://artificialanalysis.ai/models/llama-3-1-nemotron-ultra-253b-v1-reasoning,https://artificialanalysis.ai/models/llama-3-1-nemotron-ultra-253b-v1-reasoning/providers
313,Novita,ERNIE 4.5 300B A47B,123k,Open,15,$0.48,25,3.44,23.76,N/A,https://artificialanalysis.ai/models/ernie-4-5-300b-a47b,https://artificialanalysis.ai/models/ernie-4-5-300b-a47b/providers
314,SiliconFlow,ERNIE 4.5 300B A47B,131k,Open,15,$0.48,38,9.98,23.10,N/A,https://artificialanalysis.ai/models/ernie-4-5-300b-a47b,https://artificialanalysis.ai/models/ernie-4-5-300b-a47b/providers
315,DeepInfra (FP8),NVIDIA Nemotron Nano 12B v2 VL (FP8),131k,Open,15,$0.30,128,0.65,20.23,15.66,https://artificialanalysis.ai/models/nvidia-nemotron-nano-12b-v2-vl-reasoning,https://artificialanalysis.ai/models/nvidia-nemotron-nano-12b-v2-vl-reasoning/providers
316,Mistral,Ministral 3 8B,256k,Open,15,$0.15,167,0.53,3.52,N/A,https://artificialanalysis.ai/models/ministral-3-8b,https://artificialanalysis.ai/models/ministral-3-8b/providers
317,Amazon Bedrock,Ministral 3 8B,256k,Open,15,$0.15,260,0.85,2.78,N/A,https://artificialanalysis.ai/models/ministral-3-8b,https://artificialanalysis.ai/models/ministral-3-8b/providers
318,DeepInfra,NVIDIA Nemotron Nano 9B V2,131k,Open,15,$0.07,125,1.04,20.98,15.96,https://artificialanalysis.ai/models/nvidia-nemotron-nano-9b-v2-reasoning,https://artificialanalysis.ai/models/nvidia-nemotron-nano-9b-v2-reasoning/providers
319,DeepInfra,Llama Nemotron Super 49B v1.5,131k,Open,15,$0.17,50,1.23,11.25,N/A,https://artificialanalysis.ai/models/llama-nemotron-super-49b-v1-5,https://artificialanalysis.ai/models/llama-nemotron-super-49b-v1-5/providers
320,SambaNova,Llama 3.3 70B,128k,Open,14,$0.75,310,2.13,3.74,N/A,https://artificialanalysis.ai/models/llama-3-3-instruct-70b,https://artificialanalysis.ai/models/llama-3-3-instruct-70b/providers
321,Parasail (FP8),Llama 3.3 70B (FP8),131k,Open,14,$0.28,27,2.20,20.53,N/A,https://artificialanalysis.ai/models/llama-3-3-instruct-70b,https://artificialanalysis.ai/models/llama-3-3-instruct-70b/providers
322,Amazon Bedrock,Llama 3.3 70B,128k,Open,14,$0.71,151,0.96,4.26,N/A,https://artificialanalysis.ai/models/llama-3-3-instruct-70b,https://artificialanalysis.ai/models/llama-3-3-instruct-70b/providers
323,Groq,Llama 3.3 70B,131k,Open,14,$0.64,280,0.89,2.67,N/A,https://artificialanalysis.ai/models/llama-3-3-instruct-70b,https://artificialanalysis.ai/models/llama-3-3-instruct-70b/providers
324,Nebius Fast,Llama 3.3 70B Fast,128k,Open,14,$0.38,119,1.42,5.62,N/A,https://artificialanalysis.ai/models/llama-3-3-instruct-70b,https://artificialanalysis.ai/models/llama-3-3-instruct-70b/providers
325,Nebius Base,Llama 3.3 70B Base,128k,Open,14,$0.20,24,3.51,24.66,N/A,https://artificialanalysis.ai/models/llama-3-3-instruct-70b,https://artificialanalysis.ai/models/llama-3-3-instruct-70b/providers
326,Fireworks,Llama 3.3 70B,131k,Open,14,$0.90,139,0.70,4.30,N/A,https://artificialanalysis.ai/models/llama-3-3-instruct-70b,https://artificialanalysis.ai/models/llama-3-3-instruct-70b/providers
327,FriendliAI,Llama 3.3 70B,128k,Open,14,$0.60,122,0.96,5.04,N/A,https://artificialanalysis.ai/models/llama-3-3-instruct-70b,https://artificialanalysis.ai/models/llama-3-3-instruct-70b/providers
328,Hyperbolic,Llama 3.3 70B,131k,Open,14,$0.40,138,2.01,5.63,N/A,https://artificialanalysis.ai/models/llama-3-3-instruct-70b,https://artificialanalysis.ai/models/llama-3-3-instruct-70b/providers
329,Google Vertex,Llama 3.3 70B Vertex,128k,Open,14,$0.72,155,0.62,3.84,N/A,https://artificialanalysis.ai/models/llama-3-3-instruct-70b,https://artificialanalysis.ai/models/llama-3-3-instruct-70b/providers
330,Weights & Biases,Llama 3.3 70B,128k,Open,14,$0.71,96,0.92,6.14,N/A,https://artificialanalysis.ai/models/llama-3-3-instruct-70b,https://artificialanalysis.ai/models/llama-3-3-instruct-70b/providers
331,CompactifAI,Llama 3.3 70B,128k,Open,14,$0.40,143,0.87,4.37,N/A,https://artificialanalysis.ai/models/llama-3-3-instruct-70b,https://artificialanalysis.ai/models/llama-3-3-instruct-70b/providers
332,Databricks,Llama 3.3 70B,128k,Open,14,$0.75,63,1.06,9.01,N/A,https://artificialanalysis.ai/models/llama-3-3-instruct-70b,https://artificialanalysis.ai/models/llama-3-3-instruct-70b/providers
333,Together.ai Turbo,Llama 3.3 70B Turbo,131k,Open,14,$0.88,108,1.45,6.10,N/A,https://artificialanalysis.ai/models/llama-3-3-instruct-70b,https://artificialanalysis.ai/models/llama-3-3-instruct-70b/providers
334,Lightning AI,Llama 3.3 70B,128k,Open,14,$0.30,61,1.08,9.22,N/A,https://artificialanalysis.ai/models/llama-3-3-instruct-70b,https://artificialanalysis.ai/models/llama-3-3-instruct-70b/providers
335,Microsoft Azure,Llama 3.3 70B,128k,Open,14,$0.71,108,2.41,7.03,N/A,https://artificialanalysis.ai/models/llama-3-3-instruct-70b,https://artificialanalysis.ai/models/llama-3-3-instruct-70b/providers
336,Scaleway,Llama 3.3 70B,100k,Open,14,$1.05,79,1.42,7.76,N/A,https://artificialanalysis.ai/models/llama-3-3-instruct-70b,https://artificialanalysis.ai/models/llama-3-3-instruct-70b/providers
337,"DeepInfra (Turbo, FP8)","Llama 3.3 70B (Turbo, FP8)",131k,Open,14,$0.15,21,1.94,25.77,N/A,https://artificialanalysis.ai/models/llama-3-3-instruct-70b,https://artificialanalysis.ai/models/llama-3-3-instruct-70b/providers
338,Novita,Llama 3.3 70B,131k,Open,14,$0.20,27,2.92,21.27,N/A,https://artificialanalysis.ai/models/llama-3-3-instruct-70b,https://artificialanalysis.ai/models/llama-3-3-instruct-70b/providers
339,Cloudflare,Llama 3.3 70B,24k,Open,14,$0.78,28,3.46,21.31,N/A,https://artificialanalysis.ai/models/llama-3-3-instruct-70b,https://artificialanalysis.ai/models/llama-3-3-instruct-70b/providers
340,SiliconFlow,Ring-flash-2.0,131k,Open,14,$0.25,68,2.82,39.67,29.48,https://artificialanalysis.ai/models/ring-flash-2-0,https://artificialanalysis.ai/models/ring-flash-2-0/providers
341,Parasail,Olmo 3.1 32B Think,66k,Open,14,$0.00,91,2.10,29.48,21.90,https://artificialanalysis.ai/models/olmo-3-1-32b-think,https://artificialanalysis.ai/models/olmo-3-1-32b-think/providers
342,Novita,Llama 4 Scout,131k,Open,14,$0.28,61,1.03,9.27,N/A,https://artificialanalysis.ai/models/llama-4-scout,https://artificialanalysis.ai/models/llama-4-scout/providers
343,Google Vertex,Llama 4 Scout Vertex,1m,Open,14,$0.36,244,0.63,2.68,N/A,https://artificialanalysis.ai/models/llama-4-scout,https://artificialanalysis.ai/models/llama-4-scout/providers
344,Microsoft Azure,Llama 4 Scout,128k,Open,14,$0.34,189,5.22,7.87,N/A,https://artificialanalysis.ai/models/llama-4-scout,https://artificialanalysis.ai/models/llama-4-scout/providers
345,CompactifAI,Llama 4 Scout,131k,Open,14,$0.11,102,0.84,5.74,N/A,https://artificialanalysis.ai/models/llama-4-scout,https://artificialanalysis.ai/models/llama-4-scout/providers
346,Weights & Biases,Llama 4 Scout,64k,Open,14,$0.29,129,0.67,4.56,N/A,https://artificialanalysis.ai/models/llama-4-scout,https://artificialanalysis.ai/models/llama-4-scout/providers
347,Cloudflare,Llama 4 Scout,131k,Open,14,$0.41,43,0.63,12.34,N/A,https://artificialanalysis.ai/models/llama-4-scout,https://artificialanalysis.ai/models/llama-4-scout/providers
348,Groq,Llama 4 Scout,131k,Open,14,$0.17,413,0.48,1.69,N/A,https://artificialanalysis.ai/models/llama-4-scout,https://artificialanalysis.ai/models/llama-4-scout/providers
349,DeepInfra,Llama 4 Scout,328k,Open,14,$0.14,54,0.65,9.90,N/A,https://artificialanalysis.ai/models/llama-4-scout,https://artificialanalysis.ai/models/llama-4-scout/providers
350,Amazon Bedrock,Llama 4 Scout,128k,Open,14,$0.29,187,0.80,3.46,N/A,https://artificialanalysis.ai/models/llama-4-scout,https://artificialanalysis.ai/models/llama-4-scout/providers
351,Microsoft Azure,Command A,256k,Open,13,$4.38,41,2.29,14.52,N/A,https://artificialanalysis.ai/models/command-a,https://artificialanalysis.ai/models/command-a/providers
352,Cohere,Command A,288k,Open,13,$4.38,40,1.94,14.32,N/A,https://artificialanalysis.ai/models/command-a,https://artificialanalysis.ai/models/command-a/providers
353,DeepInfra,Llama 3.1 Nemotron 70B,131k,Open,13,$1.20,32,1.80,17.27,N/A,https://artificialanalysis.ai/models/llama-3-1-nemotron-instruct-70b,https://artificialanalysis.ai/models/llama-3-1-nemotron-instruct-70b/providers
354,DeepInfra,NVIDIA Nemotron 3 Nano,262k,Open,13,$0.09,68,0.44,7.75,N/A,https://artificialanalysis.ai/models/nvidia-nemotron-3-nano-30b-a3b,https://artificialanalysis.ai/models/nvidia-nemotron-3-nano-30b-a3b/providers
355,DeepInfra,NVIDIA Nemotron Nano 9B V2,131k,Open,13,$0.07,122,1.11,5.22,N/A,https://artificialanalysis.ai/models/nvidia-nemotron-nano-9b-v2,https://artificialanalysis.ai/models/nvidia-nemotron-nano-9b-v2/providers
356,Amazon Bedrock,NVIDIA Nemotron Nano 9B V2,131k,Open,13,$0.10,172,1.25,4.16,N/A,https://artificialanalysis.ai/models/nvidia-nemotron-nano-9b-v2,https://artificialanalysis.ai/models/nvidia-nemotron-nano-9b-v2/providers
357,Nebius (FP8),Hermes 4 70B (FP8),128k,Open,13,$0.20,79,1.45,7.81,N/A,https://artificialanalysis.ai/models/hermes-4-llama-3-1-70b,https://artificialanalysis.ai/models/hermes-4-llama-3-1-70b/providers
358,Sarvam,Sarvam 30B (high),66k,Open,12,$0.00,157,1.96,17.92,12.77,https://artificialanalysis.ai/models/sarvam-30b,https://artificialanalysis.ai/models/sarvam-30b/providers
359,DeepInfra,Olmo 3.1 32B Instruct,66k,Open,12,$0.30,54,0.87,10.05,N/A,https://artificialanalysis.ai/models/olmo-3-1-32b-instruct,https://artificialanalysis.ai/models/olmo-3-1-32b-instruct/providers
360,Mistral,Ministral 3 3B,256k,Open,11,$0.10,278,0.42,2.22,N/A,https://artificialanalysis.ai/models/ministral-3-3b,https://artificialanalysis.ai/models/ministral-3-3b/providers
361,Amazon Bedrock,Ministral 3 3B,256k,Open,11,$10.00,458,0.72,1.82,N/A,https://artificialanalysis.ai/models/ministral-3-3b,https://artificialanalysis.ai/models/ministral-3-3b/providers
362,AI21 Labs,Jamba 1.7 Large,256k,Open,11,$3.50,59,1.40,9.87,N/A,https://artificialanalysis.ai/models/jamba-1-7-large,https://artificialanalysis.ai/models/jamba-1-7-large/providers
363,Replicate,Granite 4.0 H Small,128k,Open,11,$0.11,360,10.17,11.56,N/A,https://artificialanalysis.ai/models/granite-4-0-h-small,https://artificialanalysis.ai/models/granite-4-0-h-small/providers
364,Alibaba Cloud,Qwen3 Omni 30B A3B,66k,Open,11,$0.43,94,1.84,7.16,N/A,https://artificialanalysis.ai/models/qwen3-omni-30b-a3b-instruct,https://artificialanalysis.ai/models/qwen3-omni-30b-a3b-instruct/providers
365,Together.ai,LFM2 24B A2B,33k,Open,10,$0.05,194,0.42,2.99,N/A,https://artificialanalysis.ai/models/lfm2-24b-a2b,https://artificialanalysis.ai/models/lfm2-24b-a2b/providers
366,DeepInfra,Phi-4,16k,Open,10,$0.09,83,0.77,6.77,N/A,https://artificialanalysis.ai/models/phi-4,https://artificialanalysis.ai/models/phi-4/providers
367,Microsoft Azure,Phi-4,16k,Open,10,$0.22,22,2.26,25.04,N/A,https://artificialanalysis.ai/models/phi-4,https://artificialanalysis.ai/models/phi-4/providers
368,Parasail,Gemma 3 27B,131k,Open,10,$0.29,24,1.21,22.35,N/A,https://artificialanalysis.ai/models/gemma-3-27b,https://artificialanalysis.ai/models/gemma-3-27b/providers
369,Novita,Gemma 3 27B,98k,Open,10,$0.14,34,1.60,16.36,N/A,https://artificialanalysis.ai/models/gemma-3-27b,https://artificialanalysis.ai/models/gemma-3-27b/providers
370,DeepInfra,Gemma 3 27B,131k,Open,10,$0.10,24,1.15,21.62,N/A,https://artificialanalysis.ai/models/gemma-3-27b,https://artificialanalysis.ai/models/gemma-3-27b/providers
371,Amazon Bedrock,Gemma 3 27B,128k,Open,10,$0.27,55,1.36,10.48,N/A,https://artificialanalysis.ai/models/gemma-3-27b,https://artificialanalysis.ai/models/gemma-3-27b/providers
372,Nebius (FP8),Gemma 3 27B (FP8),110k,Open,10,$0.15,66,1.39,8.91,N/A,https://artificialanalysis.ai/models/gemma-3-27b,https://artificialanalysis.ai/models/gemma-3-27b/providers
373,Google (AI Studio),Gemma 3 27B (AI Studio),128k,Open,10,$0.00,29,2.20,19.74,N/A,https://artificialanalysis.ai/models/gemma-3-27b,https://artificialanalysis.ai/models/gemma-3-27b/providers
374,Amazon Bedrock,Nova Micro,130k,Proprietary,10,$0.06,313,0.68,2.27,N/A,https://artificialanalysis.ai/models/nova-micro,https://artificialanalysis.ai/models/nova-micro/providers
375,Amazon Bedrock,NVIDIA Nemotron Nano 12B v2 VL,128k,Open,10,$0.30,202,1.06,3.53,N/A,https://artificialanalysis.ai/models/nvidia-nemotron-nano-12b-v2-vl,https://artificialanalysis.ai/models/nvidia-nemotron-nano-12b-v2-vl/providers
376,Nebius,NVIDIA Nemotron Nano 12B v2 VL,128k,Open,10,$0.10,130,1.07,4.92,N/A,https://artificialanalysis.ai/models/nvidia-nemotron-nano-12b-v2-vl,https://artificialanalysis.ai/models/nvidia-nemotron-nano-12b-v2-vl/providers
377,DeepInfra (FP8),NVIDIA Nemotron Nano 12B v2 VL (FP8),131k,Open,10,$0.30,125,0.61,4.60,N/A,https://artificialanalysis.ai/models/nvidia-nemotron-nano-12b-v2-vl,https://artificialanalysis.ai/models/nvidia-nemotron-nano-12b-v2-vl/providers
378,Reka AI,Reka Flash 3,128k,Open,10,$0.35,45,2.40,57.97,44.46,https://artificialanalysis.ai/models/reka-flash-3,https://artificialanalysis.ai/models/reka-flash-3/providers
379,Google (AI Studio),Gemma 3 12B (AI Studio),128k,Open,9,$0.00,28,20.81,38.70,N/A,https://artificialanalysis.ai/models/gemma-3-12b,https://artificialanalysis.ai/models/gemma-3-12b/providers
380,DeepInfra,Gemma 3 12B,131k,Open,9,$0.06,42,0.80,12.81,N/A,https://artificialanalysis.ai/models/gemma-3-12b,https://artificialanalysis.ai/models/gemma-3-12b/providers
381,Databricks,Gemma 3 12B,128k,Open,9,$0.24,93,0.75,6.14,N/A,https://artificialanalysis.ai/models/gemma-3-12b,https://artificialanalysis.ai/models/gemma-3-12b/providers
382,Amazon Bedrock,Gemma 3 12B,128k,Open,9,$0.14,89,1.28,6.89,N/A,https://artificialanalysis.ai/models/gemma-3-12b,https://artificialanalysis.ai/models/gemma-3-12b/providers
383,Cloudflare,Gemma 3 12B,80k,Open,9,$0.40,16,1.01,32.05,N/A,https://artificialanalysis.ai/models/gemma-3-12b,https://artificialanalysis.ai/models/gemma-3-12b/providers
384,DeepInfra,Llama 3.2 11B (Vision),131k,Open,9,$0.05,41,0.58,12.79,N/A,https://artificialanalysis.ai/models/llama-3-2-instruct-11b-vision,https://artificialanalysis.ai/models/llama-3-2-instruct-11b-vision/providers
385,Amazon Bedrock,Llama 3.2 11B (Vision),128k,Open,9,$0.16,49,0.57,10.87,N/A,https://artificialanalysis.ai/models/llama-3-2-instruct-11b-vision,https://artificialanalysis.ai/models/llama-3-2-instruct-11b-vision/providers
386,Microsoft Azure,Phi-4 Mini,128k,Open,8,$0.00,43,0.81,12.38,N/A,https://artificialanalysis.ai/models/phi-4-mini,https://artificialanalysis.ai/models/phi-4-mini/providers
387,Weights & Biases,Phi-4 Mini,128k,Open,8,$0.15,227,0.65,2.85,N/A,https://artificialanalysis.ai/models/phi-4-mini,https://artificialanalysis.ai/models/phi-4-mini/providers
388,Public AI,Apertus 70B Instruct,64k,Open,8,$1.34,60,2.75,11.11,N/A,https://artificialanalysis.ai/models/apertus-70b-instruct,https://artificialanalysis.ai/models/apertus-70b-instruct/providers
389,Together.ai,Gemma 3n E4B,33k,Open,6,$0.03,36,1.08,14.99,N/A,https://artificialanalysis.ai/models/gemma-3n-e4b,https://artificialanalysis.ai/models/gemma-3n-e4b/providers
390,DeepInfra,Gemma 3 4B,131k,Open,6,$0.05,72,0.73,7.67,N/A,https://artificialanalysis.ai/models/gemma-3-4b,https://artificialanalysis.ai/models/gemma-3-4b/providers
391,Google (AI Studio),Gemma 3 4B (AI Studio),128k,Open,6,$0.00,30,1.49,18.33,N/A,https://artificialanalysis.ai/models/gemma-3-4b,https://artificialanalysis.ai/models/gemma-3-4b/providers
392,Amazon Bedrock,Gemma 3 4B,128k,Open,6,$0.05,197,0.78,3.33,N/A,https://artificialanalysis.ai/models/gemma-3-4b,https://artificialanalysis.ai/models/gemma-3-4b/providers
393,Public AI,Apertus 8B Instruct,64k,Open,6,$0.13,133,2.12,5.87,N/A,https://artificialanalysis.ai/models/apertus-8b-instruct,https://artificialanalysis.ai/models/apertus-8b-instruct/providers
394,Google (AI Studio),Gemma 3 1B (AI Studio),32k,Open,6,$0.00,38,0.79,13.84,N/A,https://artificialanalysis.ai/models/gemma-3-1b,https://artificialanalysis.ai/models/gemma-3-1b/providers
395,Amazon Bedrock,Llama 3.2 90B (Vision),128k,Open,,$0.72,59,0.98,9.50,N/A,https://artificialanalysis.ai/models/llama-3-2-instruct-90b-vision,https://artificialanalysis.ai/models/llama-3-2-instruct-90b-vision/providers
396,DeepInfra,Llama 3.2 90B (Vision),33k,Open,,$0.36,41,0.63,12.97,N/A,https://artificialanalysis.ai/models/llama-3-2-instruct-90b-vision,https://artificialanalysis.ai/models/llama-3-2-instruct-90b-vision/providers
397,DeepInfra,DeepSeek R1 Distill Llama 70B,131k,Open,,$0.72,58,1.15,44.05,34.32,https://artificialanalysis.ai/models/deepseek-r1-distill-llama-70b,https://artificialanalysis.ai/models/deepseek-r1-distill-llama-70b/providers
398,Scaleway,DeepSeek R1 Distill Llama 70B,32k,Open,,$1.05,38,3.05,68.69,52.52,https://artificialanalysis.ai/models/deepseek-r1-distill-llama-70b,https://artificialanalysis.ai/models/deepseek-r1-distill-llama-70b/providers
399,Microsoft Azure,Phi-4 Multimodal,128k,Open,,$0.00,17,0.88,29.70,N/A,https://artificialanalysis.ai/models/phi-4-multimodal,https://artificialanalysis.ai/models/phi-4-multimodal/providers
400,Together.ai,Cogito v2.1,164k,Open,,$1.25,89,0.72,28.79,22.46,https://artificialanalysis.ai/models/cogito-v2-1-reasoning,https://artificialanalysis.ai/models/cogito-v2-1-reasoning/providers
