rank,rank_spread_lower,rank_spread_upper,rank_spread,model,provider,license,score,score_ci,score_note,votes,price_input_per_1m,price_output_per_1m,price_display,context_window,model_url
1,1,4,1-4,claude-opus-4-6-thinking,Anthropic,Proprietary,1504,±6,,12730,$5,$25,$5 / $25,1M,https://www.anthropic.com/news/claude-opus-4-6
2,1,4,1-4,claude-opus-4-6,Anthropic,Proprietary,1500,±6,,13553,$5,$25,$5 / $25,1M,https://www.anthropic.com/news/claude-opus-4-6
3,1,7,1-7,gemini-3.1-pro-preview,Google,Proprietary,1493,±6,,15809,$2,$12,$2 / $12,1M,https://blog.google/innovation-and-ai/models-and-research/gemini-models/gemini-3-1-pro/
4,1,8,1-8,grok-4.20-beta1,xAI,Proprietary,1491,±7,Preliminary,7378,,,N/A,N/A,https://grok.com/
5,3,8,3-8,gemini-3-pro,Google,Proprietary,1486,±4,,41631,$2,$12,$2 / $12,1M,http://aistudio.google.com/app/prompts/new_chat?model=gemini-3-pro-preview
6,3,10,3-10,gpt-5.4-high,OpenAI,Proprietary,1484,±8,,5570,$2.50,$15,$2.50 / $15,1.1M,https://platform.openai.com/docs/models/gpt-5.4
7,3,10,3-10,grok-4.20-beta-0309-reasoning,xAI,Proprietary,1483,±8,,5702,$2,$6,$2 / $6,2M,https://docs.x.ai/developers/models/grok-4.20-beta-0309-reasoning
8,4,11,4-11,gpt-5.2-chat-latest-20260210,OpenAI,Proprietary,1480,±6,,11405,$1.75,$14,$1.75 / $14,128K,https://developers.openai.com/api/docs/models/gpt-5.2-chat-latest
9,6,15,6-15,gemini-3-flash,Google,Proprietary,1474,±4,,30962,$0.50,$3,$0.50 / $3,1M,https://blog.google/products/gemini/gemini-3-flash
10,6,15,6-15,claude-opus-4-5-20251101-thinking-32k,Anthropic,Proprietary,1474,±4,,37448,$5,$25,$5 / $25,200K,https://www.anthropic.com/news/claude-opus-4-5
11,8,18,8-18,grok-4.1-thinking,xAI,Proprietary,1471,±4,,44840,$0.20,$0.50,$0.20 / $0.50,N/A,https://x.ai/news/grok-4-1
12,9,19,9-19,claude-opus-4-5-20251101,Anthropic,Proprietary,1468,±4,,43078,$5,$25,$5 / $25,200K,https://www.anthropic.com/news/claude-opus-4-5
13,9,23,9-23,gpt-5.4,OpenAI,Proprietary,1466,±8,,5618,$2.50,$15,$2.50 / $15,1.1M,https://platform.openai.com/docs/models/gpt-5.4
14,9,27,9-27,qwen3.5-max-preview,Alibaba,Proprietary,1465,±9,Preliminary,4504,,,N/A,N/A,https://qwen.ai/blog?id=qwen3.5-max-preview
15,9,23,9-23,gpt-5.3-chat-latest,OpenAI,Proprietary,1464,±6,,10137,$1.75,$14,$1.75 / $14,128K,https://openai.com/index/gpt-5-3-instant/
16,11,21,11-21,gemini-3-flash (thinking-minimal),Google,Proprietary,1463,±4,,28681,$0.50,$3,$0.50 / $3,1M,https://blog.google/products/gemini/gemini-3-flash
17,11,24,11-24,claude-sonnet-4-6,Anthropic,Proprietary,1463,±6,,11064,$3,$15,$3 / $15,1M,https://www.anthropic.com/news/claude-sonnet-4-6
18,11,24,11-24,dola-seed-2.0-preview,Bytedance,Proprietary,1463,±6,Preliminary,11780,,,N/A,N/A,https://seed.bytedance.com/en/blog/dola-seed-2-0-preview-model-release-on-arena
19,13,23,13-23,grok-4.1,xAI,Proprietary,1461,±4,,48755,$0.20,$0.50,$0.20 / $0.50,N/A,https://x.ai/news/grok-4-1
20,13,33,13-33,glm-5,Z.ai,MIT,1456,±6,,11101,$1,$3.20,$1 / $3.20,202.8K,https://huggingface.co/zai-org/GLM-5
21,14,30,14-30,gpt-5.1-high,OpenAI,Proprietary,1455,±4,,41164,$1.25,$10,$1.25 / $10,400K,https://openai.com/index/gpt-5-1/
22,12,38,12-38,gpt-5.4-mini-high,OpenAI,Proprietary,1454,±11,,2860,$0.75,$4.50,$0.75 / $4.50,400K,https://openai.com/index/introducing-gpt-5-4-mini-and-nano/
23,14,34,14-34,kimi-k2.5-thinking,Moonshot,Modified MIT,1454,±5,,17271,$0.60,$3,$0.60 / $3,N/A,https://www.kimi.com/blog/kimi-k2-5.html
24,19,33,19-33,claude-sonnet-4-5-20250929-thinking-32k,Anthropic,Proprietary,1453,±3,,56697,$3,$15,$3 / $15,200K,https://www.anthropic.com/news/claude-sonnet-4-5
25,20,33,20-33,claude-sonnet-4-5-20250929,Anthropic,Proprietary,1453,±3,,54590,$3,$15,$3 / $15,200K,https://www.anthropic.com/news/claude-sonnet-4-5
26,17,34,17-34,ernie-5.0-0110,Baidu,Proprietary,1452,±5,,19567,,,N/A,N/A,https://ernie.baidu.com/blog/posts/ernie-5.0-0110-release-on-lmarena/
27,19,37,19-37,qwen3.5-397b-a17b,Alibaba,Apache 2.0,1450,±6,,11497,$0.39,$2.34,$0.39 / $2.34,262.1K,https://huggingface.co/Qwen/Qwen3.5-397B-A17B
28,19,38,19-38,ernie-5.0-preview-1203,Baidu,Proprietary,1450,±7,,9826,,,N/A,N/A,https://ernie.baidu.com/blog/posts/ernie-5.0-preview-1203-release-on-lmarena/
29,20,36,20-36,claude-opus-4-1-20250805-thinking-16k,Anthropic,Proprietary,1449,±3,,50189,$15,$75,$15 / $75,200K,https://www.anthropic.com/news/claude-opus-4-1
30,21,36,21-36,gemini-2.5-pro,Google,Proprietary,1448,±3,,103891,$1.25,$10,$1.25 / $10,1M,http://aistudio.google.com/app/prompts/new_chat?model=gemini-2.5-pro
31,21,37,21-37,claude-opus-4-1-20250805,Anthropic,Proprietary,1447,±3,,77953,$15,$75,$15 / $75,200K,https://www.anthropic.com/news/claude-opus-4-1
32,20,43,20-43,mimo-v2-pro,Xiaomi,Proprietary,1446,±8,,4794,$1,$3,$1 / $3,1M,https://mimo.xiaomi.com/mimo-v2-pro
33,21,42,21-42,gpt-4.5-preview-2025-02-27,OpenAI,Proprietary,1444,±6,,14547,$75,$150,$75 / $150,128K,https://openai.com/index/introducing-gpt-4-5/
34,26,39,26-39,chatgpt-4o-latest-20250326,OpenAI,Proprietary,1443,±3,,83051,$5,$15,$5 / $15,128K,https://x.com/OpenAI/status/1905331956856050135
35,24,43,24-43,glm-4.7,Z.ai,MIT,1443,±6,,12201,$0.39,$1.75,$0.39 / $1.75,202.8K,https://huggingface.co/zai-org/GLM-4.7
36,26,43,26-43,gpt-5.2-high,OpenAI,Proprietary,1442,±5,,26402,$1.75,$14,$1.75 / $14,400K,https://openai.com/index/introducing-gpt-5-2
37,28,43,28-43,gpt-5.2,OpenAI,Proprietary,1440,±5,,23341,$1.75,$14,$1.75 / $14,400K,https://openai.com/index/introducing-gpt-5-2
38,32,45,32-45,gpt-5.1,OpenAI,Proprietary,1439,±4,,43858,$1.25,$10,$1.25 / $10,400K,https://openai.com/index/gpt-5-1/
39,30,46,30-46,gemini-3.1-flash-lite-preview,Google,Proprietary,1438,±6,,11945,$0.25,$1.50,$0.25 / $1.50,1M,https://blog.google/innovation-and-ai/models-and-research/gemini-models/gemini-3-1-flash-lite
40,33,49,33-49,qwen3-max-preview,Alibaba,Proprietary,1435,±5,,27958,$0.78,$3.90,$0.78 / $3.90,262.1K,https://www.alibabacloud.com/help/en/model-studio/models
41,34,51,34-51,gpt-5-high,OpenAI,Proprietary,1434,±5,,32259,$1.25,$10,$1.25 / $10,400K,https://platform.openai.com/docs/models/gpt-5
42,33,56,33-56,kimi-k2.5-instant,Moonshot,Modified MIT,1433,±7,,8232,$0.45,$2.20,$0.45 / $2.20,262.1K,https://www.kimi.com/blog/kimi-k2-5.html
43,38,55,38-55,o3-2025-04-16,OpenAI,Proprietary,1431,±4,,60188,$2,$8,$2 / $8,200K,https://openai.com/index/introducing-o3-and-o4-mini/
44,38,56,38-56,grok-4-1-fast-reasoning,xAI,Proprietary,1431,±4,,38588,$0.20,$0.50,$0.20 / $0.50,2M,https://x.ai/news/grok-4-1-fast
45,39,57,39-57,kimi-k2-thinking-turbo,Moonshot,Modified MIT,1430,±4,,42603,$1.15,$8,$1.15 / $8,262.1K,https://huggingface.co/moonshotai/Kimi-K2-Thinking
46,33,68,33-68,amazon-nova-experimental-chat-26-02-10,Amazon,Proprietary,1429,±10,Preliminary,3448,,,N/A,N/A,https://nova.amazon.com/faqs
47,40,67,40-67,gpt-5-chat,OpenAI,Proprietary,1426,±4,,31854,$1.25,$10,$1.25 / $10,128K,https://platform.openai.com/docs/models/gpt-5-chat-latest
48,41,67,41-67,glm-4.6,Z.ai,MIT,1426,±4,,35981,$0.39,$1.90,$0.39 / $1.90,204.8K,https://docs.z.ai/guides/llm/glm-4.6
49,40,68,40-68,deepseek-v3.2-exp-thinking,DeepSeek,MIT,1425,±7,,9148,$0.27,$0.41,$0.27 / $0.41,163.8K,https://api-docs.deepseek.com/news/news250929
50,40,68,40-68,qwen3-max-2025-09-23,Alibaba,Proprietary,1424,±6,,9242,$0.78,$3.90,$0.78 / $3.90,262.1K,https://qwen.ai/blog?id=241398b9cd6353de490b0f82806c7848c5d2777d&from=research.latest-advancements-list
51,42,67,42-67,claude-opus-4-20250514-thinking-16k,Anthropic,Proprietary,1424,±4,,37201,$15,$75,$15 / $75,200K,https://www.anthropic.com/news/claude-4
52,42,67,42-67,deepseek-v3.2,DeepSeek,MIT,1424,±4,,37482,$0.26,$0.38,$0.26 / $0.38,163.8K,https://api-docs.deepseek.com/news/news250929
53,41,70,41-70,deepseek-v3.2-exp,DeepSeek,MIT,1423,±6,,12031,$0.27,$0.41,$0.27 / $0.41,163.8K,https://api-docs.deepseek.com/news/news250929
54,46,68,46-68,qwen3-235b-a22b-instruct-2507,Alibaba,Apache 2.0,1422,±3,,78407,$0.26,$1.06,$0.26 / $1.06,N/A,https://huggingface.co/Qwen/Qwen3-235B-A22B-Instruct-2507
55,45,68,45-68,deepseek-v3.2-thinking,DeepSeek,MIT,1422,±4,,32014,$0.26,$0.38,$0.26 / $0.38,163.8K,https://api-docs.deepseek.com/news/news250929
56,43,71,43-71,deepseek-r1-0528,DeepSeek,MIT,1422,±6,,18593,$0.45,$2.15,$0.45 / $2.15,163.8K,https://api-docs.deepseek.com/news/news250528
57,42,76,42-76,grok-4-fast-chat,xAI,Proprietary,1421,±8,,6869,$3,$15,$3 / $15,256K,https://x.ai/news/grok-4-fast
58,42,79,42-79,ernie-5.0-preview-1022,Baidu,Proprietary,1419,±9,,4764,,,N/A,N/A,https://ernie.baidu.com/blog/posts/ernie-5.0-preview-1022-release-on-lmarena/
59,46,78,46-78,deepseek-v3.1,DeepSeek,MIT,1418,±6,,15080,$1.23,$4.94,$1.23 / $4.94,N/A,https://api-docs.deepseek.com/news/news250821
60,46,79,46-79,qwen3.5-122b-a10b,Alibaba,Apache 2.0,1418,±7,,8124,$0.26,$2.08,$0.26 / $2.08,262.1K,https://huggingface.co/Qwen/Qwen3.5-122B-A10B
61,46,79,46-79,kimi-k2-0905-preview,Moonshot,Modified MIT,1418,±6,,11873,$0.60,$2.50,$0.60 / $2.50,262.1K,https://huggingface.co/moonshotai/Kimi-K2-Instruct-0905
62,46,77,46-77,kimi-k2-0711-preview,Moonshot,Modified MIT,1417,±5,,27871,$0.60,$2.50,$0.60 / $2.50,131.1K,https://moonshotai.github.io/Kimi-K2/
63,46,80,46-80,deepseek-v3.1-thinking,DeepSeek,MIT,1417,±7,,11822,$1.23,$4.94,$1.23 / $4.94,N/A,https://api-docs.deepseek.com/news/news250821
64,45,89,45-89,deepseek-v3.1-terminus-thinking,DeepSeek,MIT,1416,±10,,3492,$0.21,$0.79,$0.21 / $0.79,163.8K,https://api-docs.deepseek.com/news/news250922
65,46,81,46-81,qwen3-vl-235b-a22b-instruct,Alibaba,Apache 2.0,1416,±6,,11614,$0.20,$0.88,$0.20 / $0.88,262.1K,https://qwen.ai/blog?id=99f0335c4ad9ff6153e517418d48535ab6d8afef&from=research.latest-advancements-list
66,50,78,50-78,mistral-large-3,Mistral,Apache 2.0,1416,±4,,34238,$0.50,$1.50,$0.50 / $1.50,N/A,https://mistral.ai/news/mistral-3
67,46,90,46-90,deepseek-v3.1-terminus,DeepSeek,MIT,1416,±10,,3724,$0.21,$0.79,$0.21 / $0.79,163.8K,https://api-docs.deepseek.com/news/news250922
68,46,91,46-91,amazon-nova-experimental-chat-26-01-10,Amazon,Proprietary,1415,±10,,3440,,,N/A,N/A,https://nova.amazon.com/faqs
69,55,81,55-81,gpt-4.1-2025-04-14,OpenAI,Proprietary,1413,±4,,51429,$2,$8,$2 / $8,1M,https://openai.com/index/gpt-4-1/
70,55,84,55-84,claude-opus-4-20250514,Anthropic,Proprietary,1412,±4,,44573,$15,$75,$15 / $75,200K,https://www.anthropic.com/news/claude-4
71,57,84,57-84,grok-3-preview-02-24,xAI,Proprietary,1412,±4,,33055,$3,$15,$3 / $15,131.1K,https://x.ai/blog/grok-3
72,57,89,57-89,glm-4.5,Z.ai,MIT,1411,±5,,24516,$0.60,$2.20,$0.60 / $2.20,131.1K,https://z.ai/blog/glm-4.5
73,57,84,57-84,gemini-2.5-flash,Google,Proprietary,1411,±3,,103268,$0.30,$2.50,$0.30 / $2.50,1M,http://aistudio.google.com/app/prompts/new_chat?model=gemini-2.5-flash
74,57,84,57-84,mistral-medium-2508,Mistral,Proprietary,1411,±3,,73290,$2.70,$8.10,$2.70 / $8.10,32K,https://mistral.ai/news/mistral-medium-3
75,57,87,57-87,grok-4-0709,xAI,Proprietary,1410,±4,,41777,$3,$15,$3 / $15,256K,https://docs.x.ai/docs/models/grok-4-0709
76,63,91,63-91,claude-haiku-4-5-20251001,Anthropic,Proprietary,1407,±3,,55274,$1,$5,$1 / $5,200K,https://www.anthropic.com/news/claude-haiku-4-5
77,56,98,56-98,minimax-m2.7,MiniMax,Proprietary,1406,±10,Preliminary,3259,$0.30,$1.20,$0.30 / $1.20,204.8K,https://www.minimax.io/news/minimax-m27-en
78,61,94,61-94,minimax-m2.5,MiniMax,Modified MIT,1406,±6,,13000,$0.20,$1.17,$0.20 / $1.17,196.6K,https://www.minimax.io/news/minimax-m25
79,59,94,59-94,qwen3.5-27b,Alibaba,Apache 2.0,1405,±7,,8055,$0.20,$1.56,$0.20 / $1.56,262.1K,https://huggingface.co/Qwen/Qwen3.5-27B
80,67,94,67-94,gemini-2.5-flash-preview-09-2025,Google,Proprietary,1405,±4,,33171,$0.30,$2.50,$0.30 / $2.50,1M,https://developers.googleblog.com/en/continuing-to-bring-you-our-latest-models-with-an-improved-gemini-2-5-flash-and-flash-lite-release/
81,65,94,65-94,grok-4-fast-reasoning,xAI,Proprietary,1405,±5,,18901,$0.20,$0.50,$0.20 / $0.50,2M,https://x.ai/news/grok-4-fast
82,71,96,71-96,qwen3-235b-a22b-no-thinking,Alibaba,Apache 2.0,1403,±4,,38481,$0.46,$1.82,$0.46 / $1.82,131.1K,https://qwenlm.github.io/blog/qwen3/
83,67,99,67-99,qwen3.5-35b-a3b,Alibaba,Apache 2.0,1402,±7,,8393,$0.16,$1.30,$0.16 / $1.30,262.1K,https://huggingface.co/Qwen/Qwen3.5-35B-A3B
84,74,96,74-96,o1-2024-12-17,OpenAI,Proprietary,1402,±4,,27807,$15,$60,$15 / $60,200K,https://openai.com/index/o1-and-new-tools-for-developers/
85,72,96,72-96,qwen3-next-80b-a3b-instruct,Alibaba,Apache 2.0,1402,±5,,23100,$0.09,$1.10,$0.09 / $1.10,262.1K,https://huggingface.co/Qwen/Qwen3-Next-80B-A3B-Instruct
86,71,100,71-100,qwen3.5-flash,Alibaba,Proprietary,1401,±7,,8897,,,N/A,N/A,https://modelstudio.console.alibabacloud.com/ap-southeast-1/?tab=doc#/doc/?type=model&url=2840914_2&modelId=group-qwen3.5-flash
87,71,99,71-99,longcat-flash-chat,Meituan,MIT,1401,±6,,11478,$0.20,$0.80,$0.20 / $0.80,131.1K,https://huggingface.co/meituan-longcat/LongCat-Flash-Chat
88,58,110,58-110,gpt-5.4-nano-high,OpenAI,Proprietary,1401,±13,,2215,$0.20,$1.25,$0.20 / $1.25,400K,https://openai.com/index/introducing-gpt-5-4-mini-and-nano/
89,72,103,72-103,qwen3-235b-a22b-thinking-2507,Alibaba,Apache 2.0,1400,±7,,9060,$0.15,$1.50,$0.15 / $1.50,131.1K,https://huggingface.co/Qwen/Qwen3-235B-A22B-Thinking-2507
90,77,99,77-99,claude-sonnet-4-20250514-thinking-32k,Anthropic,Proprietary,1399,±4,,35436,$3,$15,$3 / $15,1M,https://www.anthropic.com/news/claude-4
91,77,104,77-104,deepseek-r1,DeepSeek,MIT,1398,±5,,18524,$0.70,$2.50,$0.70 / $2.50,64K,https://api-docs.deepseek.com/news/news250120
92,67,112,67-112,hunyuan-vision-1.5-thinking,Tencent,Proprietary,1397,±12,,2228,,,N/A,N/A,https://github.com/Tencent-Hunyuan/HunyuanVision
93,75,112,75-112,amazon-nova-experimental-chat-12-10,Amazon,Proprietary,1396,±10,,3705,,,N/A,N/A,https://nova.amazon.com/faqs
94,77,110,77-110,qwen3-vl-235b-a22b-thinking,Alibaba,Apache 2.0,1396,±7,,8027,$0.26,$2.60,$0.26 / $2.60,131.1K,https://qwen.ai/blog?id=99f0335c4ad9ff6153e517418d48535ab6d8afef&from=research.latest-advancements-list
95,81,108,81-108,deepseek-v3-0324,DeepSeek,MIT,1395,±4,,45807,$3,$4.50,$3 / $4.50,32.8K,https://api-docs.deepseek.com/news/news250325
96,81,111,81-111,mai-1-preview,Microsoft AI,Proprietary,1393,±5,,18027,,,N/A,N/A,https://microsoft.ai/news/two-new-in-house-models/
97,84,111,84-111,mimo-v2-flash (non-thinking),Xiaomi,MIT,1392,±4,,26410,$0.09,$0.29,$0.09 / $0.29,262.1K,https://mimo.xiaomi.com/blog/mimo-v2-flash
98,84,112,84-112,step-3.5-flash,StepFun,Apache 2.0,1391,±5,,14862,$0.10,$0.30,$0.10 / $0.30,262.1K,https://huggingface.co/stepfun-ai/Step-3.5-Flash
99,89,112,89-112,o4-mini-2025-04-16,OpenAI,Proprietary,1390,±4,,45775,$1.10,$4.40,$1.10 / $4.40,200K,https://openai.com/index/introducing-o3-and-o4-mini/
100,88,112,88-112,gpt-5-mini-high,OpenAI,Proprietary,1390,±5,,27266,$0.25,$2,$0.25 / $2,400K,https://platform.openai.com/docs/models/gpt-5-mini
101,89,112,89-112,claude-sonnet-4-20250514,Anthropic,Proprietary,1389,±4,,40668,$3,$15,$3 / $15,1M,https://www.anthropic.com/news/claude-4
102,90,113,90-113,o1-preview,OpenAI,Proprietary,1388,±5,,31122,$15,$60,$15 / $60,N/A,https://platform.openai.com/docs/models/o1
103,91,114,91-114,qwen3-coder-480b-a35b-instruct,Alibaba,Apache 2.0,1387,±5,,25977,$0.40,$1.60,$0.40 / $1.60,262.1K,https://qwenlm.github.io/blog/qwen3-coder/
104,89,114,89-114,mimo-v2-flash (thinking),Xiaomi,MIT,1387,±6,,11012,$0.09,$0.29,$0.09 / $0.29,262.1K,https://mimo.xiaomi.com/blog/mimo-v2-flash
105,85,116,85-116,hunyuan-t1-20250711,Tencent,Proprietary,1387,±9,,4721,,,N/A,N/A,https://cloud.tencent.com/document/product/1729/104753
106,91,113,91-113,claude-3-7-sonnet-20250219-thinking-32k,Anthropic,Proprietary,1387,±4,,39002,$3,$15,$3 / $15,200K,https://www.anthropic.com/news/claude-3-7-sonnet
107,91,114,91-114,mistral-medium-2505,Mistral,Proprietary,1387,±5,,33451,$0.40,$2,$0.40 / $2,131.1K,https://mistral.ai/news/mistral-medium-3
108,91,114,91-114,minimax-m2.1-preview,MiniMax,MIT,1386,±5,,17228,$0.27,$0.95,$0.27 / $0.95,196.6K,https://www.minimax.io/news/minimax-m21
109,94,117,94-117,qwen3-30b-a3b-instruct-2507,Alibaba,Apache 2.0,1383,±5,,23958,$0.09,$0.30,$0.09 / $0.30,262.1K,https://huggingface.co/Qwen/Qwen3-30B-A3B-Instruct-2507
110,92,118,92-118,hunyuan-turbos-20250416,Tencent,Proprietary,1383,±6,,10779,,,N/A,N/A,https://cloud.tencent.com/document/product/1729/104753
111,96,117,96-117,gpt-4.1-mini-2025-04-14,OpenAI,Proprietary,1382,±4,,39559,$0.40,$1.60,$0.40 / $1.60,1M,https://openai.com/index/gpt-4-1/
112,102,118,102-118,gemini-2.5-flash-lite-preview-09-2025-no-thinking,Google,Proprietary,1380,±3,,47598,$0.10,$0.40,$0.10 / $0.40,1M,https://developers.googleblog.com/en/continuing-to-bring-you-our-latest-models-with-an-improved-gemini-2-5-flash-and-flash-lite-release/
113,92,128,92-128,glm-4.6v,Z.ai,MIT,1378,±11,,2823,$0.30,$0.90,$0.30 / $0.90,131.1K,https://huggingface.co/zai-org/GLM-4.6V
114,104,124,104-124,trinity-large,Arcee AI,Apache 2.0,1376,±7,,9281,,,N/A,N/A,https://www.arcee.ai/blog/trinity-large
115,108,124,108-124,qwen3-235b-a22b,Alibaba,Apache 2.0,1374,±5,,26433,$0.46,$1.82,$0.46 / $1.82,131.1K,https://qwenlm.github.io/blog/qwen3/
116,108,124,108-124,gemini-2.5-flash-lite-preview-06-17-thinking,Google,Proprietary,1374,±4,,33189,$0.10,$0.40,$0.10 / $0.40,1M,http://aistudio.google.com/app/prompts/new_chat?model=gemini-2.5-flash-lite-preview-06-17
117,109,124,109-124,qwen2.5-max,Alibaba,Proprietary,1374,±4,,32712,,,N/A,N/A,https://qwenlm.github.io/blog/qwen2.5-max/
118,111,126,111-126,glm-4.5-air,Z.ai,MIT,1373,±4,,31391,$0.13,$0.85,$0.13 / $0.85,131.1K,https://z.ai/blog/glm-4.5
119,113,125,113-125,claude-3-5-sonnet-20241022,Anthropic,Proprietary,1372,±3,,88519,$6,$30,$6 / $30,200K,https://www.anthropic.com/news/3-5-models-and-computer-use
120,113,128,113-128,claude-3-7-sonnet-20250219,Anthropic,Proprietary,1371,±4,,43405,$3,$15,$3 / $15,200K,https://www.anthropic.com/news/claude-3-7-sonnet
121,113,130,113-130,qwen3-next-80b-a3b-thinking,Alibaba,Apache 2.0,1369,±6,,13843,$0.10,$0.78,$0.10 / $0.78,131.1K,https://huggingface.co/Qwen/Qwen3-Next-80B-A3B-Thinking
122,113,131,113-131,glm-4.7-flash,Z.ai,MIT,1369,±6,,11829,$0.06,$0.40,$0.06 / $0.40,202.8K,https://huggingface.co/zai-org/GLM-4.7-Flash
123,113,130,113-130,amazon-nova-experimental-chat-11-10,Amazon,Proprietary,1368,±4,,25506,,,N/A,N/A,https://nova.amazon.com/faqs
124,117,134,117-134,gemma-3-27b-it,Google,Gemma,1365,±4,,47859,$0.08,$0.16,$0.08 / $0.16,131.1K,http://aistudio.google.com/app/prompts/new_chat?model=gemma-3-27b-it
125,113,143,113-143,nvidia-nemotron-3-super-120b-a12b,Nvidia,NVIDIA Open Model,1365,±10,Preliminary,3626,,,N/A,N/A,https://huggingface.co/nvidia/NVIDIA-Nemotron-3-Super-120B-A12B-FP8
126,118,138,118-138,o3-mini-high,OpenAI,Proprietary,1363,±5,,18589,$1.10,$4.40,$1.10 / $4.40,200K,https://platform.openai.com/docs/guides/reasoning#reasoning-effort
127,119,135,119-135,minimax-m1,MiniMax,Apache 2.0,1363,±4,,35529,$0.40,$2.20,$0.40 / $2.20,1M,https://www.minimax.io/news/minimaxm1
128,119,139,119-139,grok-3-mini-high,xAI,Proprietary,1363,±5,,17077,$0.30,$0.50,$0.30 / $0.50,131.1K,https://docs.x.ai/docs/models
129,121,143,121-143,gemini-2.0-flash-001,Google,Proprietary,1360,±4,,43919,$0.10,$0.40,$0.10 / $0.40,1M,https://aistudio.google.com/app/prompts/new_chat?instructions=lmsys-1121&model=gemini-2.0-flash-001
130,123,147,123-147,deepseek-v3,DeepSeek,DeepSeek,1358,±5,,21770,$1.14,$4.56,$1.14 / $4.56,N/A,https://huggingface.co/deepseek-ai/DeepSeek-V3
131,124,149,124-149,grok-3-mini-beta,xAI,Proprietary,1358,±5,,22883,$0.30,$0.50,$0.30 / $0.50,131.1K,https://docs.x.ai/docs/models
132,124,150,124-150,mistral-small-2506,Mistral,Apache 2.0,1357,±5,,17852,$0.10,$0.30,$0.10 / $0.30,32K,https://huggingface.co/mistralai/Mistral-Small-3.2-24B-Instruct-2506
133,121,154,121-154,intellect-3,Prime Intellect,MIT,1356,±8,,5365,$0.20,$1.10,$0.20 / $1.10,131.1K,https://www.primeintellect.ai/blog/intellect-3
134,126,153,126-153,gpt-oss-120b,OpenAI,Apache 2.0,1354,±4,,30921,$0.04,$0.19,$0.04 / $0.19,131.1K,https://openai.com/index/introducing-gpt-oss/
135,128,153,128-153,command-a-03-2025,Cohere,CC-BY-NC-4.0,1353,±3,,56679,$2.50,$10,$2.50 / $10,256K,https://cohere.com/blog/command-a
136,124,156,124-156,glm-4.5v,Z.ai,MIT,1353,±8,,4979,$0.60,$1.80,$0.60 / $1.80,65.5K,https://huggingface.co/zai-org/GLM-4.5V
137,128,154,128-154,gemini-2.0-flash-lite-preview-02-05,Google,Proprietary,1353,±4,,24955,$0.07,$0.30,$0.07 / $0.30,1M,https://aistudio.google.com/prompts/new_chat?model=gemini-2.0-flash-lite
138,130,155,130-155,gemini-1.5-pro-002,Google,Proprietary,1351,±3,,55606,$3.50,$10.50,$3.50 / $10.50,2.1M,https://aistudio.google.com/app/prompts/new_chat?instructions=lmsys&model=gemini-1.5-pro-002
139,128,156,128-156,amazon-nova-experimental-chat-10-20,Amazon,Proprietary,1351,±6,,11543,,,N/A,N/A,https://nova.amazon.com/faqs
140,125,167,125-167,hunyuan-turbos-20250226,Tencent,Proprietary,1349,±12,,2220,,,N/A,N/A,https://cloud.tencent.com/document/product/1729/104753
141,126,166,126-166,mercury-2,Inception AI,Proprietary,1348,±11,,3136,$0.25,$0.75,$0.25 / $0.75,128K,https://www.inceptionlabs.ai/blog/introducing-mercury-2
142,133,156,133-156,o3-mini,OpenAI,Proprietary,1348,±4,,57588,$1.10,$4.40,$1.10 / $4.40,200K,https://openai.com/index/openai-o3-mini/
143,130,160,130-160,step-3,StepFun,Apache 2.0,1347,±7,,6581,$0.57,$1.42,$0.57 / $1.42,65.5K,https://stepfun.ai/research/en/step3
144,127,168,127-168,amazon-nova-experimental-chat-10-09,Amazon,Proprietary,1347,±11,,2858,,,N/A,N/A,https://nova.amazon.com/faqs
145,128,166,128-166,qwen3-32b,Alibaba,Apache 2.0,1347,±9,,3926,$0.08,$0.24,$0.08 / $0.24,41K,https://qwenlm.github.io/blog/qwen3/
146,126,169,126-169,llama-3.1-nemotron-ultra-253b-v1,Nvidia,Nvidia Open Model,1347,±12,,2549,$0.60,$1.80,$0.60 / $1.80,131.1K,https://huggingface.co/nvidia/Llama-3_1-Nemotron-Ultra-253B-v1
147,130,163,130-163,minimax-m2,MiniMax,Apache 2.0,1347,±8,,6919,$0.26,$1,$0.26 / $1,196.6K,https://www.minimax.io/news/minimax-m2
148,131,163,131-163,ling-flash-2.0,Ant Group,MIT,1346,±7,,7087,,,N/A,N/A,https://huggingface.co/inclusionAI/Ling-flash-2.0
149,130,166,130-166,qwen-plus-0125,Alibaba,Proprietary,1346,±8,,5819,$0.40,$1.20,$0.40 / $1.20,131.1K,https://www.alibabacloud.com/help/en/model-studio/developer-reference/what-is-qwen-llm
150,135,159,135-159,gpt-4o-2024-05-13,OpenAI,Proprietary,1345,±3,,112881,$5,$15,$5 / $15,128K,https://openai.com/index/hello-gpt-4o/
151,131,170,131-170,nvidia-llama-3.3-nemotron-super-49b-v1.5,Nvidia,Nvidia Open,1343,±10,,3369,$0.10,$0.40,$0.10 / $0.40,131.1K,https://huggingface.co/nvidia/Llama-3_3-Nemotron-Super-49B-v1_5
152,133,169,133-169,glm-4-plus-0111,Zhipu,Proprietary,1343,±8,,5760,,,N/A,N/A,https://bigmodel.cn/dev/howuse/glm-4
153,138,165,138-165,claude-3-5-sonnet-20240620,Anthropic,Proprietary,1342,±3,,82419,$6,$30,$6 / $30,200K,https://www.anthropic.com/news/claude-3-5-sonnet
154,133,171,133-171,gemma-3-12b-it,Google,Gemma,1341,±10,,3829,$0.04,$0.13,$0.04 / $0.13,131.1K,http://aistudio.google.com/app/prompts/new_chat?model=gemma-3-12b-it
155,132,174,132-174,hunyuan-turbo-0110,Tencent,Proprietary,1340,±12,,2290,,,N/A,N/A,https://cloud.tencent.com/document/product/1729/104753
156,141,172,141-172,nova-2-lite,Amazon,Proprietary,1337,±6,,12310,$0.30,$2.50,$0.30 / $2.50,1M,https://aws.amazon.com/blogs/aws/introducing-amazon-nova-2-lite-a-fast-cost-effective-reasoning-model/
157,142,170,142-170,o1-mini,OpenAI,Proprietary,1337,±4,,51981,$1.10,$4.40,$1.10 / $4.40,N/A,https://platform.openai.com/docs/models/o1
158,141,173,141-173,gpt-5-nano-high,OpenAI,Proprietary,1337,±7,,8323,$0.05,$0.40,$0.05 / $0.40,400K,https://platform.openai.com/docs/models/gpt-5-nano
159,143,172,143-172,qwq-32b,Alibaba,Apache 2.0,1336,±4,,25531,$0.15,$0.58,$0.15 / $0.58,131.1K,https://huggingface.co/Qwen/QwQ-32B
160,145,172,145-172,grok-2-2024-08-13,xAI,Proprietary,1335,±4,,63498,$2,$10,$2 / $10,131.1K,https://x.ai/blog/grok-2
161,145,173,145-173,gpt-4o-2024-08-06,OpenAI,Proprietary,1335,±4,,45499,$2.50,$10,$2.50 / $10,128K,https://platform.openai.com/docs/models/gpt-4o
162,146,173,146-173,llama-3.1-405b-instruct-bf16,Meta,Llama 3.1 Community,1335,±4,,41375,$4,$4,$4 / $4,32.8K,https://ai.meta.com/blog/meta-llama-3-1/
163,143,174,143-174,gemini-advanced-0514,Google,Proprietary,1334,±5,,50148,,,N/A,N/A,https://gemini.google.com/advanced
164,141,180,141-180,step-2-16k-exp-202412,StepFun,Proprietary,1334,±9,,4833,,,N/A,N/A,https://platform.stepfun.com/docs/llm/text
165,150,174,150-174,llama-3.1-405b-instruct-fp8,Meta,Llama 3.1 Community,1333,±4,,59656,$4,$4,$4 / $4,32.8K,https://ai.meta.com/blog/meta-llama-3-1/
166,149,180,149-180,olmo-3.1-32b-instruct,Ai2,Apache 2.0,1331,±6,,12281,$0.20,$0.60,$0.20 / $0.60,65.5K,https://huggingface.co/allenai/Olmo-3.1-32B-Instruct
167,153,184,153-184,yi-lightning,01 AI,Proprietary,1328,±5,,27332,,,N/A,N/A,https://platform.lingyiwanwu.com/docs#%E6%A8%A1%E5%9E%8B%E4%B8%8E%E8%AE%A1%E8%B4%B9
168,155,186,155-186,qwen3-30b-a3b,Alibaba,Apache 2.0,1328,±5,,26650,$0.08,$0.28,$0.08 / $0.28,41K,https://qwenlm.github.io/blog/qwen3/
169,143,195,143-195,llama-3.3-nemotron-49b-super-v1,Nvidia,Nvidia,1327,±12,,2218,,,N/A,N/A,https://huggingface.co/nvidia/Llama-3_3-Nemotron-Super-49B-v1
170,159,186,159-186,llama-4-maverick-17b-128e-instruct,Meta,Llama 4,1327,±4,,40218,$0.63,$1.80,$0.63 / $1.80,131.1K,https://huggingface.co/meta-llama/Llama-4-Maverick-17B-128E-Instruct
171,137,206,137-206,molmo-2-8b,Ai2,Apache 2.0,1326,±21,,806,$0.20,$0.20,$0.20 / $0.20,36.9K,https://huggingface.co/allenai/Molmo2-8B
172,151,195,151-195,hunyuan-large-2025-02-10,Tencent,Proprietary,1326,±10,,3738,,,N/A,N/A,https://cloud.tencent.com/document/product/1729/104753
173,165,191,165-191,gpt-4-turbo-2024-04-09,OpenAI,Proprietary,1324,±4,,98114,$10,$30,$10 / $30,128K,https://platform.openai.com/docs/models/gpt-4-turbo-and-gpt-4
174,156,195,156-195,deepseek-v2.5-1210,DeepSeek,DeepSeek,1323,±8,,6795,,,N/A,N/A,https://huggingface.co/deepseek-ai/DeepSeek-V2.5-1210
175,165,191,165-191,claude-3-5-haiku-20241022,Anthropic,Proprietary,1323,±3,,70248,$0.80,$4,$0.80 / $4,200K,https://www.anthropic.com/news/3-5-models-and-computer-use
176,165,191,165-191,gemini-1.5-pro-001,Google,Proprietary,1323,±4,,79138,$3.50,$10.50,$3.50 / $10.50,2.1M,https://aistudio.google.com/app/prompts/new_chat?model=gemini-1.5-pro
177,165,193,165-193,llama-4-scout-17b-16e-instruct,Meta,Llama,1322,±5,,30517,$0.40,$0.70,$0.40 / $0.70,8.2K,https://huggingface.co/meta-llama/Llama-4-Scout-17B-16E-Instruct
178,162,195,162-195,gpt-4.1-nano-2025-04-14,OpenAI,Proprietary,1322,±8,,6103,$0.10,$0.40,$0.10 / $0.40,1M,https://openai.com/index/gpt-4-1/
179,167,192,167-192,claude-3-opus-20240229,Anthropic,Proprietary,1321,±3,,194909,$15,$75,$15 / $75,200K,https://www.anthropic.com/news/claude-3-family
180,165,195,165-195,ring-flash-2.0,Ant Group,MIT,1321,±7,,7222,,,N/A,N/A,https://huggingface.co/inclusionAI/Ring-flash-2.0
181,165,197,165-197,step-1o-turbo-202506,StepFun,Proprietary,1320,±7,,9114,,,N/A,N/A,https://platform.stepfun.com/docs/llm/vision
182,167,195,167-195,glm-4-plus,Zhipu AI,Proprietary,1319,±5,,26126,$0.44,$1.76,$0.44 / $1.76,204.8K,https://bigmodel.cn/dev/howuse/glm-4
183,170,195,170-195,llama-3.3-70b-instruct,Meta,Llama-3.3,1318,±3,,54891,$0.10,$0.32,$0.10 / $0.32,131.1K,https://huggingface.co/meta-llama/Llama-3.3-70B-Instruct
184,167,198,167-198,gpt-oss-20b,OpenAI,Apache 2.0,1318,±6,,10706,$0.03,$0.11,$0.03 / $0.11,131.1K,https://openai.com/index/introducing-gpt-oss/
185,168,197,168-197,gemma-3n-e4b-it,Google,Gemma,1318,±5,,22730,$0.02,$0.04,$0.02 / $0.04,32.8K,http://aistudio.google.com/app/prompts/new_chat?model=gemma-3n-e4b-it
186,167,197,167-197,nvidia-nemotron-3-nano-30b-a3b-bf16,Nvidia,NVIDIA Open Model,1318,±6,,15606,$0.06,$0.24,$0.06 / $0.24,262.1K,https://huggingface.co/nvidia/NVIDIA-Nemotron-3-Nano-30B-A3B-BF16
187,167,198,167-198,qwen-max-0919,Alibaba,Qwen,1318,±6,,16478,$1.60,$6.40,$1.60 / $6.40,32.8K,https://help.aliyun.com/zh/dashscope/developer-reference/model-introduction
188,170,195,170-195,gpt-4o-mini-2024-07-18,OpenAI,Proprietary,1317,±3,,68718,$0.15,$0.60,$0.15 / $0.60,128K,https://openai.com/index/gpt-4o-mini-advancing-cost-efficient-intelligence/
189,170,203,170-203,qwen2.5-plus-1127,Alibaba,Proprietary,1315,±6,,10187,,,N/A,N/A,https://help.aliyun.com/zh/model-studio/getting-started/models?spm=a2c4g.11186623.0.i7
190,173,202,173-202,athene-v2-chat,NexusFlow,NexusFlow,1314,±5,,24739,,,N/A,N/A,https://huggingface.co/Nexusflow/Athene-V2-Chat
191,174,202,174-202,mistral-large-2407,Mistral,Mistral Research,1314,±4,,45459,$2,$6,$2 / $6,131.1K,https://mistral.ai/news/mistral-large-2407/
192,175,203,175-203,gpt-4-0125-preview,OpenAI,Proprietary,1313,±4,,93439,$10,$30,$10 / $30,128K,https://openai.com/blog/new-models-and-developer-products-announced-at-devday
193,175,203,175-203,gpt-4-1106-preview,OpenAI,Proprietary,1312,±4,,100105,$10,$30,$10 / $30,128K,https://openai.com/blog/new-models-and-developer-products-announced-at-devday
194,170,207,170-207,hunyuan-standard-2025-02-10,Tencent,Proprietary,1311,±10,,3904,,,N/A,N/A,https://cloud.tencent.com/document/product/1729/104753
195,183,206,183-206,gemini-1.5-flash-002,Google,Proprietary,1309,±4,,34902,$0.07,$0.30,$0.07 / $0.30,1M,https://aistudio.google.com/app/prompts/new_chat?instructions=lmsys&model=gemini-1.5-flash-002
196,188,206,188-206,grok-2-mini-2024-08-13,xAI,Proprietary,1308,±4,,52567,$2,$10,$2 / $10,131.1K,https://x.ai/blog/grok-2
197,188,207,188-207,deepseek-v2.5,DeepSeek,DeepSeek,1307,±5,,24572,,,N/A,N/A,https://huggingface.co/deepseek-ai/DeepSeek-V2.5
198,170,215,170-215,mercury,Inception AI,Proprietary,1306,±14,,1982,$0.25,$0.75,$0.25 / $0.75,128K,https://www.inceptionlabs.ai/blog/mercury-refreshed
199,188,207,188-207,athene-70b-0725,NexusFlow,CC-BY-NC-4.0,1306,±6,,19621,,,N/A,N/A,https://huggingface.co/Nexusflow/Athene-70B
200,183,207,183-207,olmo-3-32b-think,Ai2,Apache 2.0,1305,±8,,5999,$0.15,$0.50,$0.15 / $0.50,65.5K,https://huggingface.co/allenai/Olmo-3-32B-Think
201,190,207,190-207,mistral-large-2411,Mistral,MRL,1305,±4,,28073,$2,$6,$2 / $6,131.1K,https://huggingface.co/mistralai/Mistral-Large-Instruct-2411
202,188,207,188-207,magistral-medium-2506,Mistral,Proprietary,1303,±6,,11728,$2,$5,$2 / $5,40K,https://mistral.ai/news/magistral
203,186,214,186-214,gemma-3-4b-it,Google,Gemma,1303,±9,,4171,$0.04,$0.08,$0.04 / $0.08,131.1K,http://aistudio.google.com/app/prompts/new_chat?model=gemma-3-4b-it
204,193,207,193-207,mistral-small-3.1-24b-instruct-2503,Mistral,Apache 2.0,1303,±4,,33485,$0.10,$0.30,$0.10 / $0.30,32K,https://huggingface.co/mistralai/Mistral-Small-3.1-24B-Instruct-2503
205,193,207,193-207,qwen2.5-72b-instruct,Alibaba,Qwen,1302,±4,,39406,$1.20,$1.20,$1.20 / $1.20,N/A,https://qwenlm.github.io/blog/qwen2.5/
206,193,217,193-217,llama-3.1-nemotron-70b-instruct,Nvidia,Llama 3.1,1298,±8,,7140,$1.20,$1.20,$1.20 / $1.20,131.1K,https://huggingface.co/nvidia/Llama-3.1-Nemotron-70B-Instruct
207,196,219,196-219,hunyuan-large-vision,Tencent,Proprietary,1294,±9,,5401,,,N/A,N/A,https://cloud.tencent.com/document/product/1729/104753#d6cb04da-053d-4bed-b187-191514feb972
208,204,218,204-218,llama-3.1-70b-instruct,Meta,Llama 3.1 Community,1293,±4,,55240,$0.40,$0.40,$0.40 / $0.40,131.1K,https://ai.meta.com/blog/meta-llama-3-1/
209,204,219,204-219,amazon-nova-pro-v1.0,Amazon,Proprietary,1290,±5,,24745,$0.80,$3.20,$0.80 / $3.20,300K,https://docs.aws.amazon.com/nova/latest/userguide/what-is-nova.html
210,204,222,204-222,jamba-1.5-large,AI21 Labs,Jamba Open,1288,±7,,8662,$2,$8,$2 / $8,256K,https://www.ai21.com/jamba
211,206,219,206-219,gemma-2-27b-it,Google,Gemma license,1288,±3,,75754,$0.65,$0.65,$0.65 / $0.65,8.2K,https://aistudio.google.com/app/prompts/new_chat?model=gemma-2-27b-it
212,204,222,204-222,reka-core-20240904,Reka AI,Proprietary,1287,±7,,7312,,,N/A,N/A,https://docs.reka.ai/available-models
213,204,225,204-225,ibm-granite-h-small,IBM,Apache 2.0,1287,±8,,5748,,,N/A,N/A,https://www.ibm.com/new/announcements/ibm-granite-4-0-hyper-efficient-high-performance-hybrid-models
214,206,222,206-222,gpt-4-0314,OpenAI,Proprietary,1286,±5,,54173,$30,$60,$30 / $60,8.2K,https://openai.com/research/gpt-4
215,204,228,204-228,llama-3.1-tulu-3-70b,Ai2,Llama 3.1,1286,±10,,2846,,,N/A,N/A,https://huggingface.co/allenai/Llama-3.1-Tulu-3-70B
216,204,228,204-228,llama-3.1-nemotron-51b-instruct,Nvidia,Llama 3.1,1286,±10,,3749,,,N/A,N/A,https://huggingface.co/nvidia/Llama-3_1-Nemotron-51B-Instruct
217,205,227,205-227,olmo-3.1-32b-think,Ai2,Apache 2.0,1286,±7,,8544,$0.15,$0.50,$0.15 / $0.50,65.5K,https://huggingface.co/allenai/Olmo-3.1-32B-Think
218,207,222,207-222,gemini-1.5-flash-001,Google,Proprietary,1285,±4,,62833,$0.07,$0.30,$0.07 / $0.30,1M,https://aistudio.google.com/app/prompts/new_chat?model=gemini-1.5-flash
219,211,228,211-228,claude-3-sonnet-20240229,Anthropic,Proprietary,1280,±4,,109284,$3,$15,$3 / $15,200K,https://www.anthropic.com/news/claude-3-family
220,208,228,208-228,gemma-2-9b-it-simpo,Princeton,MIT,1279,±7,,10072,$0.03,$0.09,$0.03 / $0.09,8.2K,https://huggingface.co/princeton-nlp/gemma-2-9b-it-SimPO
221,211,229,211-229,nemotron-4-340b-instruct,Nvidia,NVIDIA Open Model,1277,±5,,19659,,,N/A,N/A,https://huggingface.co/nvidia/Nemotron-4-340B-Instruct
222,211,230,211-230,command-r-plus-08-2024,Cohere,CC-BY-NC-4.0,1276,±7,,9866,$2.50,$10,$2.50 / $10,128K,https://docs.cohere.com/docs/command-r-plus#model-details
223,215,228,215-228,llama-3-70b-instruct,Meta,Llama 3 Community,1275,±4,,156876,$0.51,$0.74,$0.51 / $0.74,8.2K,https://llama.meta.com/llama3/
224,216,229,216-229,gpt-4-0613,OpenAI,Proprietary,1274,±4,,88723,$30,$60,$30 / $60,8.2K,https://platform.openai.com/docs/models/gpt-4-and-gpt-4-turbo
225,215,231,215-231,mistral-small-24b-instruct-2501,Mistral,Apache 2.0,1274,±6,,14681,$0.05,$0.08,$0.05 / $0.08,32.8K,https://huggingface.co/mistralai/Mistral-Small-24B-Instruct-2501
226,215,232,215-232,glm-4-0520,Zhipu AI,Proprietary,1273,±7,,9788,,,N/A,N/A,https://open.bigmodel.cn/dev/api#language
227,216,234,216-234,reka-flash-20240904,Reka AI,Proprietary,1271,±7,,7536,,,N/A,N/A,https://docs.reka.ai/available-models
228,217,237,217-237,qwen2.5-coder-32b-instruct,Alibaba,Apache 2.0,1270,±8,,5432,$0.87,$0.87,$0.87 / $0.87,32K,https://huggingface.co/Qwen/Qwen2.5-Coder-32B-Instruct
229,222,237,222-237,c4ai-aya-expanse-32b,Cohere,CC-BY-NC-4.0,1266,±5,,27124,,,N/A,N/A,https://huggingface.co/CohereForAI/aya-expanse-32b
230,225,237,225-237,gemma-2-9b-it,Google,Gemma license,1265,±4,,54611,$0.03,$0.09,$0.03 / $0.09,8.2K,https://aistudio.google.com/app/prompts/new_chat?model=gemma-2-9b-it
231,224,238,224-238,deepseek-coder-v2,DeepSeek,DeepSeek License,1264,±6,,15147,$0.14,$0.28,$0.14 / $0.28,128K,https://huggingface.co/deepseek-ai/DeepSeek-Coder-V2-Instruct
232,227,238,227-238,command-r-plus,Cohere,CC-BY-NC-4.0,1261,±4,,77554,$2.50,$10,$2.50 / $10,128K,https://txt.cohere.com/command-r-plus-microsoft-azure/
233,226,238,226-238,qwen2-72b-instruct,Alibaba,Qianwen LICENSE,1261,±5,,37325,$0.90,$0.90,$0.90 / $0.90,32.8K,https://qwenlm.github.io/blog/qwen2/
234,228,238,228-238,claude-3-haiku-20240307,Anthropic,Proprietary,1260,±4,,117701,$0.25,$1.25,$0.25 / $1.25,200K,https://www.anthropic.com/news/claude-3-family
235,227,239,227-239,amazon-nova-lite-v1.0,Amazon,Proprietary,1260,±5,,19372,$0.06,$0.24,$0.06 / $0.24,300K,https://docs.aws.amazon.com/nova/latest/userguide/what-is-nova.html
236,228,239,228-239,gemini-1.5-flash-8b-001,Google,Proprietary,1258,±4,,35558,$0.07,$0.30,$0.07 / $0.30,1M,https://aistudio.google.com/app/prompts/new_chat?instructions=lmsys&model=gemini-1.5-flash-8b
237,231,239,231-239,phi-4,Microsoft,MIT,1256,±5,,24126,$0.07,$0.14,$0.07 / $0.14,16.4K,https://huggingface.co/microsoft/phi-4
238,228,245,228-245,olmo-2-0325-32b-instruct,Ai2,Apache-2.0,1251,±11,,3334,$0.05,$0.20,$0.05 / $0.20,128K,https://huggingface.co/allenai/OLMo-2-0325-32B-Instruct
239,235,244,235-244,command-r-08-2024,Cohere,CC-BY-NC-4.0,1249,±7,,10140,$0.15,$0.60,$0.15 / $0.60,128K,https://docs.cohere.com/docs/command-r-plus#model-details
240,238,248,238-248,mistral-large-2402,Mistral,Proprietary,1242,±5,,62436,$4,$12,$4 / $12,32K,https://mistral.ai/news/mistral-large/
241,238,248,238-248,amazon-nova-micro-v1.0,Amazon,Proprietary,1240,±5,,19364,$0.04,$0.14,$0.04 / $0.14,128K,https://docs.aws.amazon.com/nova/latest/userguide/what-is-nova.html
242,238,251,238-251,jamba-1.5-mini,AI21 Labs,Jamba Open,1239,±7,,8858,$0.20,$0.40,$0.20 / $0.40,256K,https://www.ai21.com/jamba
243,238,255,238-255,ministral-8b-2410,Mistral,MRL,1237,±9,,4781,$0.10,$0.10,$0.10 / $0.10,131.1K,https://huggingface.co/mistralai/Ministral-8B-Instruct-2410
244,239,256,239-256,gemini-pro-dev-api,Google,Proprietary,1234,±7,,18354,$0.35,$1.05,$0.35 / $1.05,32.8K,https://aistudio.google.com/app/prompts/new_chat?model=gemini-1.0-pro
245,240,255,240-255,qwen1.5-110b-chat,Alibaba,Qianwen LICENSE,1233,±6,,26195,,,N/A,N/A,https://qwenlm.github.io/blog/qwen1.5-110b/
246,238,258,238-258,hunyuan-standard-256k,Tencent,Proprietary,1233,±12,,2728,,,N/A,N/A,https://cloud.tencent.com/document/product/1729/104753
247,240,257,240-257,reka-flash-21b-20240226-online,Reka AI,Proprietary,1232,±7,,15450,,,N/A,N/A,https://docs.reka.ai/http-api.html#generation
248,240,256,240-256,qwen1.5-72b-chat,Alibaba,Qianwen LICENSE,1232,±5,,39302,,,N/A,N/A,https://qwenlm.github.io/blog/qwen1.5/
249,242,257,242-257,mixtral-8x22b-instruct-v0.1,Mistral,Apache 2.0,1229,±5,,51416,$0.90,$0.90,$0.90 / $0.90,65.5K,https://mistral.ai/news/mixtral-8x22b/
250,243,258,243-258,command-r,Cohere,CC-BY-NC-4.0,1226,±5,,54036,$0.15,$0.60,$0.15 / $0.60,128K,https://txt.cohere.com/command-r
251,242,258,242-258,reka-flash-21b-20240226,Reka AI,Proprietary,1226,±6,,24806,,,N/A,N/A,https://www.reka.ai/news/reka-flash-efficient-and-capable-multimodal-language-models
252,243,259,243-259,gpt-3.5-turbo-0125,OpenAI,Proprietary,1223,±5,,66207,$0.50,$1.50,$0.50 / $1.50,16.4K,https://platform.openai.com/docs/models/gpt-3-5-turbo
253,247,259,247-259,llama-3-8b-instruct,Meta,Llama 3 Community,1223,±4,,104642,$0.03,$0.04,$0.03 / $0.04,8.2K,https://llama.meta.com/llama3/
254,243,260,243-260,c4ai-aya-expanse-8b,Cohere,CC-BY-NC-4.0,1222,±7,,9818,,,N/A,N/A,https://huggingface.co/CohereForAI/aya-expanse-8b
255,245,260,245-260,mistral-medium,Mistral,Proprietary,1222,±6,,34550,$2.70,$8.10,$2.70 / $8.10,32K,https://mistral.ai/news/la-plateforme/
256,242,262,242-262,gemini-pro,Google,Proprietary,1221,±12,,6390,$0.35,$1.05,$0.35 / $1.05,32.8K,https://blog.google/technology/ai/gemini-api-developers-cloud/
257,243,262,243-262,llama-3.1-tulu-3-8b,Ai2,Llama 3.1,1221,±11,,2896,,,N/A,N/A,https://huggingface.co/allenai/Llama-3.1-Tulu-3-8B
258,254,263,254-263,yi-1.5-34b-chat,01 AI,Apache-2.0,1213,±5,,24146,,,N/A,N/A,https://huggingface.co/01-ai/Yi-1.5-34B-Chat
259,249,265,249-265,zephyr-orpo-141b-A35b-v0.1,HuggingFace,Apache 2.0,1212,±11,,4652,,,N/A,N/A,https://huggingface.co/HuggingFaceH4/zephyr-orpo-141b-A35b-v0.1
260,256,263,256-263,llama-3.1-8b-instruct,Meta,Llama 3.1 Community,1211,±4,,49605,$0.02,$0.05,$0.02 / $0.05,16.4K,https://ai.meta.com/blog/meta-llama-3-1/
261,252,269,252-269,granite-3.1-8b-instruct,IBM,Apache 2.0,1208,±11,,3090,,,N/A,N/A,https://huggingface.co/ibm-granite/granite-3.1-8b-instruct
262,258,269,258-269,qwen1.5-32b-chat,Alibaba,Qianwen LICENSE,1203,±6,,21741,,,N/A,N/A,https://qwenlm.github.io/blog/qwen1.5-32b/
263,256,271,256-271,gpt-3.5-turbo-1106,OpenAI,Proprietary,1202,±9,,16619,$1,$2,$1 / $2,16.4K,https://platform.openai.com/docs/models/gpt-3-5
264,260,270,260-270,gemma-2-2b-it,Google,Gemma license,1199,±4,,46616,,,N/A,N/A,https://aistudio.google.com/app/prompts/new_chat?model=gemma-2-2b-it
265,260,271,260-271,phi-3-medium-4k-instruct,Microsoft,MIT,1197,±5,,25055,$0.17,$0.68,$0.17 / $0.68,N/A,https://huggingface.co/microsoft/Phi-3-medium-4k-instruct
266,261,271,261-271,mixtral-8x7b-instruct-v0.1,Mistral,Apache 2.0,1196,±4,,73503,$0.63,$0.63,$0.63 / $0.63,32K,https://mistral.ai/news/mixtral-of-experts/
267,261,276,261-276,dbrx-instruct-preview,Databricks,DBRX LICENSE,1194,±6,,32191,$0.60,$0.60,$0.60 / $0.60,32.8K,https://www.databricks.com/blog/introducing-dbrx-new-state-art-open-llm
268,261,280,261-280,internlm2_5-20b-chat,InternLM,Other,1191,±7,,9901,$0,$0,$0 / $0,32.8K,https://huggingface.co/internlm/internlm2_5-20b-chat
269,261,280,261-280,qwen1.5-14b-chat,Alibaba,Qianwen LICENSE,1190,±7,,17839,$0.30,$0.30,$0.30 / $0.30,N/A,https://qwenlm.github.io/blog/qwen1.5/
270,264,286,264-286,wizardlm-70b,Microsoft,Llama 2 Community,1184,±9,,8214,,,N/A,N/A,https://huggingface.co/WizardLM/WizardLM-70B-V1.0
271,263,287,263-287,deepseek-llm-67b-chat,DeepSeek,DeepSeek License,1184,±12,,4932,,,N/A,N/A,https://huggingface.co/deepseek-ai/deepseek-llm-67b-chat
272,267,282,267-282,yi-34b-chat,01 AI,Yi License,1183,±7,,15483,$0.90,$0.90,$0.90 / $0.90,4.1K,https://huggingface.co/01-ai/Yi-34B-Chat
273,267,287,267-287,openchat-3.5-0106,OpenChat,Apache-2.0,1181,±8,,12637,,,N/A,N/A,https://huggingface.co/openchat/openchat-3.5-0106
274,267,287,267-287,openchat-3.5,OpenChat,Apache-2.0,1181,±10,,7968,$0.20,$0.20,$0.20 / $0.20,N/A,https://huggingface.co/openchat/openchat_3.5
275,267,287,267-287,granite-3.0-8b-instruct,IBM,Apache 2.0,1181,±9,,6638,,,N/A,N/A,https://huggingface.co/ibm-granite/granite-3.0-8b-instruct
276,268,286,268-286,gemma-1.1-7b-it,Google,Gemma license,1180,±6,,23893,$0.03,$0.09,$0.03 / $0.09,8.2K,https://huggingface.co/google/gemma-1.1-7b-it
277,268,287,268-287,snowflake-arctic-instruct,Snowflake,Apache 2.0,1179,±6,,32832,,,N/A,N/A,https://www.snowflake.com/blog/arctic-open-efficient-foundation-language-models-snowflake/
278,267,289,267-289,granite-3.1-2b-instruct,IBM,Apache 2.0,1178,±11,,3188,,,N/A,N/A,https://huggingface.co/ibm-granite/granite-3.1-2b-instruct
279,268,288,268-288,tulu-2-dpo-70b,AllenAI/UW,AI2 ImpACT Low-risk,1177,±10,,6535,,,N/A,N/A,https://huggingface.co/allenai/tulu-2-dpo-70b
280,268,291,268-291,openhermes-2.5-mistral-7b,NousResearch,Apache-2.0,1174,±10,,5006,$0.17,$0.17,$0.17 / $0.17,N/A,https://huggingface.co/teknium/OpenHermes-2.5-Mistral-7B
281,270,290,270-290,vicuna-33b,LMSYS,Non-commercial,1172,±6,,22479,$0,$0,$0 / $0,2K,https://huggingface.co/lmsys/vicuna-33b-v1.3
282,270,292,270-292,starling-lm-7b-beta,Nexusflow,Apache-2.0,1171,±7,,16056,,,N/A,N/A,https://huggingface.co/Nexusflow/Starling-LM-7B-beta
283,271,291,271-291,phi-3-small-8k-instruct,Microsoft,MIT,1170,±6,,17766,$0.15,$0.60,$0.15 / $0.60,N/A,https://huggingface.co/microsoft/Phi-3-small-8k-instruct
284,271,291,271-291,llama-2-70b-chat,Meta,Llama 2 Community,1170,±6,,38492,$0.70,$2.80,$0.70 / $2.80,4.1K,https://huggingface.co/meta-llama/Llama-2-70b-chat-hf
285,271,294,271-294,starling-lm-7b-alpha,UC Berkeley,CC-BY-NC-4.0,1167,±8,,10224,,,N/A,N/A,https://huggingface.co/berkeley-nest/Starling-LM-7B-alpha
286,273,294,273-294,llama-3.2-3b-instruct,Meta,Llama 3.2,1166,±8,,7936,$0.05,$0.34,$0.05 / $0.34,80K,https://ai.meta.com/blog/llama-3-2-connect-2024-vision-edge-mobile-devices/
287,271,297,271-297,nous-hermes-2-mixtral-8x7b-dpo,NousResearch,Apache-2.0,1164,±12,,3777,$0.90,$0.90,$0.90 / $0.90,N/A,https://huggingface.co/NousResearch/Nous-Hermes-2-Mixtral-8x7B-DPO
288,278,304,278-304,qwq-32b-preview,Alibaba,Apache 2.0,1156,±12,,3231,$0.15,$0.58,$0.15 / $0.58,131.1K,https://huggingface.co/Qwen/QwQ-32B-Preview
289,284,300,284-300,granite-3.0-2b-instruct,IBM,Apache 2.0,1155,±8,,6837,,,N/A,N/A,https://huggingface.co/ibm-granite/granite-3.0-2b-instruct
290,279,304,279-304,llama2-70b-steerlm-chat,Nvidia,Llama 2 Community,1154,±13,,3585,,,N/A,N/A,https://huggingface.co/nvidia/Llama2-70B-SteerLM-Chat
291,281,307,281-307,solar-10.7b-instruct-v1.0,Upstage AI,CC-BY-NC-4.0,1152,±13,,4155,$0.30,$0.30,$0.30 / $0.30,N/A,https://huggingface.co/upstage/SOLAR-10.7B-Instruct-v1.0
292,280,309,280-309,dolphin-2.2.1-mistral-7b,Cognitive Computations,Apache-2.0,1151,±15,,1679,$0.50,$0.50,$0.50 / $0.50,16.4K,https://huggingface.co/ehartford/dolphin-2.2.1-mistral-7b
293,285,307,285-307,mpt-30b-chat,MosaicML,CC-BY-NC-SA-4.0,1149,±12,,2572,,,N/A,N/A,https://huggingface.co/mosaicml/mpt-30b-chat
294,287,304,287-304,mistral-7b-instruct-v0.2,Mistral,Apache-2.0,1149,±7,,19402,$0.20,$0.20,$0.20 / $0.20,32.8K,https://huggingface.co/mistralai/Mistral-7B-Instruct-v0.2
295,287,305,287-305,wizardlm-13b,Microsoft,Llama 2 Community,1148,±9,,7044,$0.30,$0.30,$0.30 / $0.30,N/A,https://huggingface.co/WizardLM/WizardLM-13B-V1.2
296,285,311,285-311,falcon-180b-chat,TII,Falcon-180B TII License,1146,±17,,1295,,,N/A,N/A,https://huggingface.co/tiiuae/falcon-180B-chat
297,287,310,287-310,qwen1.5-7b-chat,Alibaba,Qianwen LICENSE,1143,±10,,4737,$0.20,$0.20,$0.20 / $0.20,N/A,https://qwenlm.github.io/blog/qwen1.5/
298,288,308,288-308,phi-3-mini-4k-instruct-june-2024,Microsoft,MIT,1142,±6,,12297,$0.13,$0.52,$0.13 / $0.52,4.1K,https://huggingface.co/microsoft/Phi-3-mini-4k-instruct
299,288,310,288-310,llama-2-13b-chat,Meta,Llama 2 Community,1141,±7,,19174,$0.25,$0.25,$0.25 / $0.25,4.1K,https://huggingface.co/meta-llama/Llama-2-13b-chat-hf
300,289,310,289-310,vicuna-13b,LMSYS,Llama 2 Community,1140,±7,,19367,$0.30,$0.30,$0.30 / $0.30,N/A,https://huggingface.co/lmsys/vicuna-13b-v1.5
301,288,312,288-312,qwen-14b-chat,Alibaba,Qianwen LICENSE,1138,±11,,4964,,,N/A,N/A,https://huggingface.co/Qwen/Qwen-14B-Chat
302,289,312,289-312,palm-2,Google,Proprietary,1137,±9,,8554,$0.50,$0.50,$0.50 / $0.50,25.8K,https://cloud.google.com/vertex-ai/docs/generative-ai/learn/models#foundation_models
303,289,312,289-312,codellama-34b-instruct,Meta,Llama 2 Community,1136,±9,,7366,$0.35,$1.40,$0.35 / $1.40,16.4K,https://huggingface.co/codellama/CodeLlama-34b-Instruct-hf
304,289,312,289-312,gemma-7b-it,Google,Gemma license,1136,±10,,8925,$0.05,$0.08,$0.05 / $0.08,8.2K,https://huggingface.co/google/gemma-7b-it
305,293,314,293-314,zephyr-7b-beta,HuggingFace,MIT,1130,±9,,11118,$0.15,$0.15,$0.15 / $0.15,16.4K,https://huggingface.co/HuggingFaceH4/zephyr-7b-beta
306,296,314,296-314,phi-3-mini-128k-instruct,Microsoft,MIT,1128,±7,,20685,$0.13,$0.52,$0.13 / $0.52,N/A,https://azure.microsoft.com/en-us/blog/introducing-phi-3-redefining-whats-possible-with-slms/
307,297,314,297-314,phi-3-mini-4k-instruct,Microsoft,MIT,1128,±6,,20118,$0.13,$0.52,$0.13 / $0.52,N/A,https://huggingface.co/microsoft/Phi-3-mini-4k-instruct
308,293,317,293-317,guanaco-33b,UW,Non-commercial,1126,±12,,2921,,,N/A,N/A,https://huggingface.co/timdettmers/guanaco-33b-merged
309,292,317,292-317,zephyr-7b-alpha,HuggingFace,MIT,1126,±16,,1785,,,N/A,N/A,https://huggingface.co/HuggingFaceH4/zephyr-7b-alpha
310,300,317,300-317,stripedhyena-nous-7b,Together AI,Apache 2.0,1120,±11,,5182,$0.20,$0.20,$0.20 / $0.20,N/A,https://huggingface.co/togethercomputer/StripedHyena-Nous-7B
311,295,318,295-318,codellama-70b-instruct,Meta,Llama 2 Community,1118,±18,,1143,$0.70,$2.80,$0.70 / $2.80,16.4K,https://huggingface.co/codellama/CodeLlama-70b-hf
312,305,317,305-317,vicuna-7b,LMSYS,Llama 2 Community,1114,±9,,6923,$0.20,$0.20,$0.20 / $0.20,N/A,https://huggingface.co/lmsys/vicuna-7b-v1.5
313,305,317,305-317,gemma-1.1-2b-it,Google,Gemma license,1114,±8,,10854,,,N/A,N/A,https://huggingface.co/google/gemma-1.1-2b-it
314,301,318,301-318,smollm2-1.7b-instruct,HuggingFace,Apache 2.0,1114,±14,,2199,,,N/A,N/A,https://huggingface.co/HuggingFaceTB/SmolLM2-1.7B-Instruct
315,308,318,308-318,llama-3.2-1b-instruct,Meta,Llama 3.2,1111,±8,,8045,$0.03,$0.20,$0.03 / $0.20,60K,https://ai.meta.com/blog/llama-3-2-connect-2024-vision-edge-mobile-devices/
316,308,318,308-318,mistral-7b-instruct,Mistral,Apache 2.0,1109,±9,,8977,$0.07,$0.28,$0.07 / $0.28,4.1K,https://huggingface.co/mistralai/Mistral-7B-Instruct-v0.1
317,308,318,308-318,llama-2-7b-chat,Meta,Llama 2 Community,1107,±7,,14148,$0.15,$0.15,$0.15 / $0.15,4.1K,https://huggingface.co/meta-llama/Llama-2-7b-chat-hf
318,313,321,313-321,gemma-2b-it,Google,Gemma license,1091,±12,,4780,$0.10,$0.10,$0.10 / $0.10,N/A,https://huggingface.co/google/gemma-2b-it
319,318,321,318-321,qwen1.5-4b-chat,Alibaba,Qianwen LICENSE,1089,±9,,7597,$0.10,$0.10,$0.10 / $0.10,N/A,https://qwenlm.github.io/blog/qwen1.5/
320,318,325,318-325,olmo-7b-instruct,Ai2,Apache-2.0,1074,±11,,6328,$0.20,$0.20,$0.20 / $0.20,N/A,https://huggingface.co/allenai/OLMo-7B-Instruct
321,320,325,320-325,koala-13b,UC Berkeley,Non-commercial,1070,±10,,6965,,,N/A,N/A,https://bair.berkeley.edu/blog/2023/04/03/koala/
322,320,325,320-325,alpaca-13b,Stanford,Non-commercial,1067,±12,,5745,,,N/A,N/A,https://crfm.stanford.edu/2023/03/13/alpaca.html
323,318,326,318-326,gpt4all-13b-snoozy,Nomic AI,Non-commercial,1065,±15,,1743,,,N/A,N/A,https://huggingface.co/nomic-ai/gpt4all-13b-snoozy
324,320,326,320-326,mpt-7b-chat,MosaicML,CC-BY-NC-SA-4.0,1061,±12,,3924,,,N/A,N/A,https://huggingface.co/mosaicml/mpt-7b-chat
325,320,326,320-326,chatglm3-6b,Tsinghua,Apache-2.0,1055,±12,,4658,,,N/A,N/A,https://huggingface.co/THUDM/chatglm3-6b
326,323,328,323-328,RWKV-4-Raven-14B,RWKV,Apache 2.0,1040,±11,,4845,,,N/A,N/A,https://huggingface.co/BlinkDL/rwkv-4-raven
327,326,328,326-328,chatglm2-6b,Tsinghua,Apache-2.0,1023,±14,,2658,,,N/A,N/A,https://huggingface.co/THUDM/chatglm2-6b
328,326,328,326-328,oasst-pythia-12b,OpenAssistant,Apache 2.0,1021,±11,,6310,,,N/A,N/A,https://huggingface.co/OpenAssistant/oasst-sft-4-pythia-12b-epoch-3.5
329,329,332,329-332,chatglm-6b,Tsinghua,Non-commercial,995,±13,,4914,,,N/A,N/A,https://huggingface.co/THUDM/chatglm-6b
330,329,332,329-332,fastchat-t5-3b,LMSYS,Apache 2.0,990,±12,,4203,,,N/A,N/A,https://huggingface.co/lmsys/fastchat-t5-3b-v1.0
331,329,332,329-332,dolly-v2-12b,Databricks,MIT,979,±14,,3412,,,N/A,N/A,https://huggingface.co/databricks/dolly-v2-12b
332,329,333,329-333,llama-13b,Meta,Non-commercial,971,±16,,2391,$0.23,$0.23,$0.23 / $0.23,N/A,https://arxiv.org/abs/2302.13971
333,332,333,332-333,stablelm-tuned-alpha-7b,Stability AI,CC-BY-NC-SA-4.0,952,±13,,3287,,,N/A,N/A,https://huggingface.co/stabilityai/stablelm-tuned-alpha-7b
